"DATE_NAME","DATE_CODE","GEOGRAPHY_NAME","GEOGRAPHY_CODE","CELL","CELL_NAME","OBS_VALUE","OBS_STATUS"
"Oct 2024-Sep 2025","2025-09","Darlington","E06000005","402720769","T01:22 (Aged 16-64 - All : All People )",64500,"A"
"Oct 2024-Sep 2025","2025-09","Darlington","E06000005","402721025","T01:25 (Aged 16-64 - Economically active : All People )",51400,"A"
"Oct 2024-Sep 2025","2025-09","Darlington","E06000005","402721281","T01:28 (Aged 16-64 - In employment : All People )",48500,"A"
"Oct 2024-Sep 2025","2025-09","Darlington","E06000005","402722049","T01:37 (Aged 16-64 - Unemployed : All People )",2900,"A"
"Oct 2024-Sep 2025","2025-09","County Durham","E06000047","402720769","T01:22 (Aged 16-64 - All : All People )",326000,"A"
"Oct 2024-Sep 2025","2025-09","County Durham","E06000047","402721025","T01:25 (Aged 16-64 - Economically active : All People )",246200,"A"
"Oct 2024-Sep 2025","2025-09","County Durham","E06000047","402721281","T01:28 (Aged 16-64 - In employment : All People )",236000,"A"
"Oct 2024-Sep 2025","2025-09","County Durham","E06000047","402722049","T01:37 (Aged 16-64 - Unemployed : All People )",10200,"A"
"Oct 2024-Sep 2025","2025-09","Hartlepool","E06000001","402720769","T01:22 (Aged 16-64 - All : All People )",57200,"A"
"Oct 2024-Sep 2025","2025-09","Hartlepool","E06000001","402721025","T01:25 (Aged 16-64 - Economically active : All People )",38600,"A"
"Oct 2024-Sep 2025","2025-09","Hartlepool","E06000001","402721281","T01:28 (Aged 16-64 - In employment : All People )",36000,"A"
"Oct 2024-Sep 2025","2025-09","Hartlepool","E06000001","402722049","T01:37 (Aged 16-64 - Unemployed : All People )",2700,"A"
"Oct 2024-Sep 2025","2025-09","Middlesbrough","E06000002","402720769","T01:22 (Aged 16-64 - All : All People )",87900,"A"
"Oct 2024-Sep 2025","2025-09","Middlesbrough","E06000002","402721025","T01:25 (Aged 16-64 - Economically active : All People )",63300,"A"
"Oct 2024-Sep 2025","2025-09","Middlesbrough","E06000002","402721281","T01:28 (Aged 16-64 - In employment : All People )",58900,"A"
"Oct 2024-Sep 2025","2025-09","Middlesbrough","E06000002","402722049","T01:37 (Aged 16-64 - Unemployed : All People )",4400,"A"
"Oct 2024-Sep 2025","2025-09","Northumberland","E06000057","402720769","T01:22 (Aged 16-64 - All : All People )",183700,"A"
"Oct 2024-Sep 2025","2025-09","Northumberland","E06000057","402721025","T01:25 (Aged 16-64 - Economically active : All People )",132500,"A"
"Oct 2024-Sep 2025","2025-09","Northumberland","E06000057","402721281","T01:28 (Aged 16-64 - In employment : All People )",127700,"A"
"Oct 2024-Sep 2025","2025-09","Northumberland","E06000057","402722049","T01:37 (Aged 16-64 - Unemployed : All People )",4900,"A"
"Oct 2024-Sep 2025","2025-09","Redcar and Cleveland","E06000003","402720769","T01:22 (Aged 16-64 - All : All People )",80200,"A"
"Oct 2024-Sep 2025","2025-09","Redcar and Cleveland","E06000003","402721025","T01:25 (Aged 16-64 - Economically active : All People )",59900,"A"
"Oct 2024-Sep 2025","2025-09","Redcar and Cleveland","E06000003","402721281","T01:28 (Aged 16-64 - In employment : All People )",58100,"A"
"Oct 2024-Sep 2025","2025-09","Redcar and Cleveland","E06000003","402722049","T01:37 (Aged 16-64 - Unemployed : All People )",1800,"A"
"Oct 2024-Sep 2025","2025-09","Stockton-on-Tees","E06000004","402720769","T01:22 (Aged 16-64 - All : All People )",122500,"A"
"Oct 2024-Sep 2025","2025-09","Stockton-on-Tees","E06000004","402721025","T01:25 (Aged 16-64 - Economically active : All People )",93800,"A"
"Oct 2024-Sep 2025","2025-09","Stockton-on-Tees","E06000004","402721281","T01:28 (Aged 16-64 - In employment : All People )",88500,"A"
"Oct 2024-Sep 2025","2025-09","Stockton-on-Tees","E06000004","402722049","T01:37 (Aged 16-64 - Unemployed : All People )",5300,"A"
"Oct 2024-Sep 2025","2025-09","Gateshead","E08000037","402720769","T01:22 (Aged 16-64 - All : All People )",128600,"A"
"Oct 2024-Sep 2025","2025-09","Gateshead","E08000037","402721025","T01:25 (Aged 16-64 - Economically active : All People )",97100,"A"
"Oct 2024-Sep 2025","2025-09","Gateshead","E08000037","402721281","T01:28 (Aged 16-64 - In employment : All People )",88800,"A"
"Oct 2024-Sep 2025","2025-09","Gateshead","E08000037","402722049","T01:37 (Aged 16-64 - Unemployed : All People )",8400,"A"
"Oct 2024-Sep 2025","2025-09","Newcastle upon Tyne","E08000021","402720769","T01:22 (Aged 16-64 - All : All People )",200900,"A"
"Oct 2024-Sep 2025","2025-09","Newcastle upon Tyne","E08000021","402721025","T01:25 (Aged 16-64 - Economically active : All People )",144300,"A"
"Oct 2024-Sep 2025","2025-09","Newcastle upon Tyne","E08000021","402721281","T01:28 (Aged 16-64 - In employment : All People )",140500,"A"
"Oct 2024-Sep 2025","2025-09","Newcastle upon Tyne","E08000021","402722049","T01:37 (Aged 16-64 - Unemployed : All People )",,"B"
"Oct 2024-Sep 2025","2025-09","North Tyneside","E08000022","402720769","T01:22 (Aged 16-64 - All : All People )",129000,"A"
"Oct 2024-Sep 2025","2025-09","North Tyneside","E08000022","402721025","T01:25 (Aged 16-64 - Economically active : All People )",99100,"A"
"Oct 2024-Sep 2025","2025-09","North Tyneside","E08000022","402721281","T01:28 (Aged 16-64 - In employment : All People )",96400,"A"
"Oct 2024-Sep 2025","2025-09","North Tyneside","E08000022","402722049","T01:37 (Aged 16-64 - Unemployed : All People )",,"B"
"Oct 2024-Sep 2025","2025-09","South Tyneside","E08000023","402720769","T01:22 (Aged 16-64 - All : All People )",93500,"A"
"Oct 2024-Sep 2025","2025-09","South Tyneside","E08000023","402721025","T01:25 (Aged 16-64 - Economically active : All People )",62500,"A"
"Oct 2024-Sep 2025","2025-09","South Tyneside","E08000023","402721281","T01:28 (Aged 16-64 - In employment : All People )",59100,"A"
"Oct 2024-Sep 2025","2025-09","South Tyneside","E08000023","402722049","T01:37 (Aged 16-64 - Unemployed : All People )",3400,"A"
"Oct 2024-Sep 2025","2025-09","Sunderland","E08000024","402720769","T01:22 (Aged 16-64 - All : All People )",172800,"A"
"Oct 2024-Sep 2025","2025-09","Sunderland","E08000024","402721025","T01:25 (Aged 16-64 - Economically active : All People )",128300,"A"
"Oct 2024-Sep 2025","2025-09","Sunderland","E08000024","402721281","T01:28 (Aged 16-64 - In employment : All People )",119900,"A"
"Oct 2024-Sep 2025","2025-09","Sunderland","E08000024","402722049","T01:37 (Aged 16-64 - Unemployed : All People )",8400,"A"
"Oct 2024-Sep 2025","2025-09","Blackburn with Darwen","E06000008","402720769","T01:22 (Aged 16-64 - All : All People )",92100,"A"
"Oct 2024-Sep 2025","2025-09","Blackburn with Darwen","E06000008","402721025","T01:25 (Aged 16-64 - Economically active : All People )",61600,"A"
"Oct 2024-Sep 2025","2025-09","Blackburn with Darwen","E06000008","402721281","T01:28 (Aged 16-64 - In employment : All People )",58500,"A"
"Oct 2024-Sep 2025","2025-09","Blackburn with Darwen","E06000008","402722049","T01:37 (Aged 16-64 - Unemployed : All People )",3100,"A"
"Oct 2024-Sep 2025","2025-09","Blackpool","E06000009","402720769","T01:22 (Aged 16-64 - All : All People )",81900,"A"
"Oct 2024-Sep 2025","2025-09","Blackpool","E06000009","402721025","T01:25 (Aged 16-64 - Economically active : All People )",59500,"A"
"Oct 2024-Sep 2025","2025-09","Blackpool","E06000009","402721281","T01:28 (Aged 16-64 - In employment : All People )",56800,"A"
"Oct 2024-Sep 2025","2025-09","Blackpool","E06000009","402722049","T01:37 (Aged 16-64 - Unemployed : All People )",2700,"A"
"Oct 2024-Sep 2025","2025-09","Cheshire East","E06000049","402720769","T01:22 (Aged 16-64 - All : All People )",228900,"A"
"Oct 2024-Sep 2025","2025-09","Cheshire East","E06000049","402721025","T01:25 (Aged 16-64 - Economically active : All People )",188600,"A"
"Oct 2024-Sep 2025","2025-09","Cheshire East","E06000049","402721281","T01:28 (Aged 16-64 - In employment : All People )",183200,"A"
"Oct 2024-Sep 2025","2025-09","Cheshire East","E06000049","402722049","T01:37 (Aged 16-64 - Unemployed : All People )",,"B"
"Oct 2024-Sep 2025","2025-09","Cheshire West and Chester","E06000050","402720769","T01:22 (Aged 16-64 - All : All People )",206100,"A"
"Oct 2024-Sep 2025","2025-09","Cheshire West and Chester","E06000050","402721025","T01:25 (Aged 16-64 - Economically active : All People )",174800,"A"
"Oct 2024-Sep 2025","2025-09","Cheshire West and Chester","E06000050","402721281","T01:28 (Aged 16-64 - In employment : All People )",169100,"A"
"Oct 2024-Sep 2025","2025-09","Cheshire West and Chester","E06000050","402722049","T01:37 (Aged 16-64 - Unemployed : All People )",,"B"
"Oct 2024-Sep 2025","2025-09","Halton","E06000006","402720769","T01:22 (Aged 16-64 - All : All People )",76400,"A"
"Oct 2024-Sep 2025","2025-09","Halton","E06000006","402721025","T01:25 (Aged 16-64 - Economically active : All People )",58600,"A"
"Oct 2024-Sep 2025","2025-09","Halton","E06000006","402721281","T01:28 (Aged 16-64 - In employment : All People )",55700,"A"
"Oct 2024-Sep 2025","2025-09","Halton","E06000006","402722049","T01:37 (Aged 16-64 - Unemployed : All People )",3000,"A"
"Oct 2024-Sep 2025","2025-09","Warrington","E06000007","402720769","T01:22 (Aged 16-64 - All : All People )",131900,"A"
"Oct 2024-Sep 2025","2025-09","Warrington","E06000007","402721025","T01:25 (Aged 16-64 - Economically active : All People )",103000,"A"
"Oct 2024-Sep 2025","2025-09","Warrington","E06000007","402721281","T01:28 (Aged 16-64 - In employment : All People )",100000,"A"
"Oct 2024-Sep 2025","2025-09","Warrington","E06000007","402722049","T01:37 (Aged 16-64 - Unemployed : All People )",,"B"
"Oct 2024-Sep 2025","2025-09","Allerdale","E07000026","402720769","T01:22 (Aged 16-64 - All : All People )",55200,"A"
"Oct 2024-Sep 2025","2025-09","Allerdale","E07000026","402721025","T01:25 (Aged 16-64 - Economically active : All People )",42500,"A"
"Oct 2024-Sep 2025","2025-09","Allerdale","E07000026","402721281","T01:28 (Aged 16-64 - In employment : All People )",40000,"A"
"Oct 2024-Sep 2025","2025-09","Allerdale","E07000026","402722049","T01:37 (Aged 16-64 - Unemployed : All People )",,"B"
"Oct 2024-Sep 2025","2025-09","Barrow-in-Furness","E07000027","402720769","T01:22 (Aged 16-64 - All : All People )",40800,"A"
"Oct 2024-Sep 2025","2025-09","Barrow-in-Furness","E07000027","402721025","T01:25 (Aged 16-64 - Economically active : All People )",30100,"A"
"Oct 2024-Sep 2025","2025-09","Barrow-in-Furness","E07000027","402721281","T01:28 (Aged 16-64 - In employment : All People )",30100,"A"
"Oct 2024-Sep 2025","2025-09","Barrow-in-Furness","E07000027","402722049","T01:37 (Aged 16-64 - Unemployed : All People )",,"F"
"Oct 2024-Sep 2025","2025-09","Carlisle","E07000028","402720769","T01:22 (Aged 16-64 - All : All People )",64600,"A"
"Oct 2024-Sep 2025","2025-09","Carlisle","E07000028","402721025","T01:25 (Aged 16-64 - Economically active : All People )",54700,"A"
"Oct 2024-Sep 2025","2025-09","Carlisle","E07000028","402721281","T01:28 (Aged 16-64 - In employment : All People )",53700,"A"
"Oct 2024-Sep 2025","2025-09","Carlisle","E07000028","402722049","T01:37 (Aged 16-64 - Unemployed : All People )",,"B"
"Oct 2024-Sep 2025","2025-09","Copeland","E07000029","402720769","T01:22 (Aged 16-64 - All : All People )",40500,"A"
"Oct 2024-Sep 2025","2025-09","Copeland","E07000029","402721025","T01:25 (Aged 16-64 - Economically active : All People )",32600,"A"
"Oct 2024-Sep 2025","2025-09","Copeland","E07000029","402721281","T01:28 (Aged 16-64 - In employment : All People )",32600,"A"
"Oct 2024-Sep 2025","2025-09","Copeland","E07000029","402722049","T01:37 (Aged 16-64 - Unemployed : All People )",,"F"
"Oct 2024-Sep 2025","2025-09","Eden","E07000030","402720769","T01:22 (Aged 16-64 - All : All People )",29900,"A"
"Oct 2024-Sep 2025","2025-09","Eden","E07000030","402721025","T01:25 (Aged 16-64 - Economically active : All People )",23700,"A"
"Oct 2024-Sep 2025","2025-09","Eden","E07000030","402721281","T01:28 (Aged 16-64 - In employment : All People )",23300,"A"
"Oct 2024-Sep 2025","2025-09","Eden","E07000030","402722049","T01:37 (Aged 16-64 - Unemployed : All People )",,"F"
"Oct 2024-Sep 2025","2025-09","South Lakeland","E07000031","402720769","T01:22 (Aged 16-64 - All : All People )",58000,"A"
"Oct 2024-Sep 2025","2025-09","South Lakeland","E07000031","402721025","T01:25 (Aged 16-64 - Economically active : All People )",51800,"A"
"Oct 2024-Sep 2025","2025-09","South Lakeland","E07000031","402721281","T01:28 (Aged 16-64 - In employment : All People )",51800,"A"
"Oct 2024-Sep 2025","2025-09","South Lakeland","E07000031","402722049","T01:37 (Aged 16-64 - Unemployed : All People )",,"F"
"Oct 2024-Sep 2025","2025-09","Bolton","E08000001","402720769","T01:22 (Aged 16-64 - All : All People )",179800,"A"
"Oct 2024-Sep 2025","2025-09","Bolton","E08000001","402721025","T01:25 (Aged 16-64 - Economically active : All People )",127300,"A"
"Oct 2024-Sep 2025","2025-09","Bolton","E08000001","402721281","T01:28 (Aged 16-64 - In employment : All People )",123000,"A"
"Oct 2024-Sep 2025","2025-09","Bolton","E08000001","402722049","T01:37 (Aged 16-64 - Unemployed : All People )",4400,"A"
"Oct 2024-Sep 2025","2025-09","Bury","E08000002","402720769","T01:22 (Aged 16-64 - All : All People )",118600,"A"
"Oct 2024-Sep 2025","2025-09","Bury","E08000002","402721025","T01:25 (Aged 16-64 - Economically active : All People )",88000,"A"
"Oct 2024-Sep 2025","2025-09","Bury","E08000002","402721281","T01:28 (Aged 16-64 - In employment : All People )",83300,"A"
"Oct 2024-Sep 2025","2025-09","Bury","E08000002","402722049","T01:37 (Aged 16-64 - Unemployed : All People )",4700,"A"
"Oct 2024-Sep 2025","2025-09","Manchester","E08000003","402720769","T01:22 (Aged 16-64 - All : All People )",391800,"A"
"Oct 2024-Sep 2025","2025-09","Manchester","E08000003","402721025","T01:25 (Aged 16-64 - Economically active : All People )",308200,"A"
"Oct 2024-Sep 2025","2025-09","Manchester","E08000003","402721281","T01:28 (Aged 16-64 - In employment : All People )",288300,"A"
"Oct 2024-Sep 2025","2025-09","Manchester","E08000003","402722049","T01:37 (Aged 16-64 - Unemployed : All People )",19900,"A"
"Oct 2024-Sep 2025","2025-09","Oldham","E08000004","402720769","T01:22 (Aged 16-64 - All : All People )",147500,"A"
"Oct 2024-Sep 2025","2025-09","Oldham","E08000004","402721025","T01:25 (Aged 16-64 - Economically active : All People )",99000,"A"
"Oct 2024-Sep 2025","2025-09","Oldham","E08000004","402721281","T01:28 (Aged 16-64 - In employment : All People )",94900,"A"
"Oct 2024-Sep 2025","2025-09","Oldham","E08000004","402722049","T01:37 (Aged 16-64 - Unemployed : All People )",,"B"
"Oct 2024-Sep 2025","2025-09","Rochdale","E08000005","402720769","T01:22 (Aged 16-64 - All : All People )",134000,"A"
"Oct 2024-Sep 2025","2025-09","Rochdale","E08000005","402721025","T01:25 (Aged 16-64 - Economically active : All People )",97900,"A"
"Oct 2024-Sep 2025","2025-09","Rochdale","E08000005","402721281","T01:28 (Aged 16-64 - In employment : All People )",91200,"A"
"Oct 2024-Sep 2025","2025-09","Rochdale","E08000005","402722049","T01:37 (Aged 16-64 - Unemployed : All People )",6700,"A"
"Oct 2024-Sep 2025","2025-09","Salford","E08000006","402720769","T01:22 (Aged 16-64 - All : All People )",166800,"A"
"Oct 2024-Sep 2025","2025-09","Salford","E08000006","402721025","T01:25 (Aged 16-64 - Economically active : All People )",123900,"A"
"Oct 2024-Sep 2025","2025-09","Salford","E08000006","402721281","T01:28 (Aged 16-64 - In employment : All People )",117600,"A"
"Oct 2024-Sep 2025","2025-09","Salford","E08000006","402722049","T01:37 (Aged 16-64 - Unemployed : All People )",6300,"A"
"Oct 2024-Sep 2025","2025-09","Stockport","E08000007","402720769","T01:22 (Aged 16-64 - All : All People )",179000,"A"
"Oct 2024-Sep 2025","2025-09","Stockport","E08000007","402721025","T01:25 (Aged 16-64 - Economically active : All People )",140600,"A"
"Oct 2024-Sep 2025","2025-09","Stockport","E08000007","402721281","T01:28 (Aged 16-64 - In employment : All People )",135300,"A"
"Oct 2024-Sep 2025","2025-09","Stockport","E08000007","402722049","T01:37 (Aged 16-64 - Unemployed : All People )",5400,"A"
"Oct 2024-Sep 2025","2025-09","Tameside","E08000008","402720769","T01:22 (Aged 16-64 - All : All People )",142000,"A"
"Oct 2024-Sep 2025","2025-09","Tameside","E08000008","402721025","T01:25 (Aged 16-64 - Economically active : All People )",111000,"A"
"Oct 2024-Sep 2025","2025-09","Tameside","E08000008","402721281","T01:28 (Aged 16-64 - In employment : All People )",108000,"A"
"Oct 2024-Sep 2025","2025-09","Tameside","E08000008","402722049","T01:37 (Aged 16-64 - Unemployed : All People )",,"B"
"Oct 2024-Sep 2025","2025-09","Trafford","E08000009","402720769","T01:22 (Aged 16-64 - All : All People )",149100,"A"
"Oct 2024-Sep 2025","2025-09","Trafford","E08000009","402721025","T01:25 (Aged 16-64 - Economically active : All People )",125600,"A"
"Oct 2024-Sep 2025","2025-09","Trafford","E08000009","402721281","T01:28 (Aged 16-64 - In employment : All People )",120200,"A"
"Oct 2024-Sep 2025","2025-09","Trafford","E08000009","402722049","T01:37 (Aged 16-64 - Unemployed : All People )",5400,"A"
"Oct 2024-Sep 2025","2025-09","Wigan","E08000010","402720769","T01:22 (Aged 16-64 - All : All People )",207000,"A"
"Oct 2024-Sep 2025","2025-09","Wigan","E08000010","402721025","T01:25 (Aged 16-64 - Economically active : All People )",152200,"A"
"Oct 2024-Sep 2025","2025-09","Wigan","E08000010","402721281","T01:28 (Aged 16-64 - In employment : All People )",145700,"A"
"Oct 2024-Sep 2025","2025-09","Wigan","E08000010","402722049","T01:37 (Aged 16-64 - Unemployed : All People )",6500,"A"
"Oct 2024-Sep 2025","2025-09","Burnley","E07000117","402720769","T01:22 (Aged 16-64 - All : All People )",53100,"A"
"Oct 2024-Sep 2025","2025-09","Burnley","E07000117","402721025","T01:25 (Aged 16-64 - Economically active : All People )",38200,"A"
"Oct 2024-Sep 2025","2025-09","Burnley","E07000117","402721281","T01:28 (Aged 16-64 - In employment : All People )",37600,"A"
"Oct 2024-Sep 2025","2025-09","Burnley","E07000117","402722049","T01:37 (Aged 16-64 - Unemployed : All People )",,"F"
"Oct 2024-Sep 2025","2025-09","Chorley","E07000118","402720769","T01:22 (Aged 16-64 - All : All People )",72300,"A"
"Oct 2024-Sep 2025","2025-09","Chorley","E07000118","402721025","T01:25 (Aged 16-64 - Economically active : All People )",61400,"A"
"Oct 2024-Sep 2025","2025-09","Chorley","E07000118","402721281","T01:28 (Aged 16-64 - In employment : All People )",60400,"A"
"Oct 2024-Sep 2025","2025-09","Chorley","E07000118","402722049","T01:37 (Aged 16-64 - Unemployed : All People )",,"F"
"Oct 2024-Sep 2025","2025-09","Fylde","E07000119","402720769","T01:22 (Aged 16-64 - All : All People )",45800,"A"
"Oct 2024-Sep 2025","2025-09","Fylde","E07000119","402721025","T01:25 (Aged 16-64 - Economically active : All People )",36000,"A"
"Oct 2024-Sep 2025","2025-09","Fylde","E07000119","402721281","T01:28 (Aged 16-64 - In employment : All People )",34900,"A"
"Oct 2024-Sep 2025","2025-09","Fylde","E07000119","402722049","T01:37 (Aged 16-64 - Unemployed : All People )",,"B"
"Oct 2024-Sep 2025","2025-09","Hyndburn","E07000120","402720769","T01:22 (Aged 16-64 - All : All People )",48900,"A"
"Oct 2024-Sep 2025","2025-09","Hyndburn","E07000120","402721025","T01:25 (Aged 16-64 - Economically active : All People )",36200,"A"
"Oct 2024-Sep 2025","2025-09","Hyndburn","E07000120","402721281","T01:28 (Aged 16-64 - In employment : All People )",32400,"A"
"Oct 2024-Sep 2025","2025-09","Hyndburn","E07000120","402722049","T01:37 (Aged 16-64 - Unemployed : All People )",,"B"
"Oct 2024-Sep 2025","2025-09","Lancaster","E07000121","402720769","T01:22 (Aged 16-64 - All : All People )",87000,"A"
"Oct 2024-Sep 2025","2025-09","Lancaster","E07000121","402721025","T01:25 (Aged 16-64 - Economically active : All People )",72400,"A"
"Oct 2024-Sep 2025","2025-09","Lancaster","E07000121","402721281","T01:28 (Aged 16-64 - In employment : All People )",70500,"A"
"Oct 2024-Sep 2025","2025-09","Lancaster","E07000121","402722049","T01:37 (Aged 16-64 - Unemployed : All People )",,"B"
"Oct 2024-Sep 2025","2025-09","Pendle","E07000122","402720769","T01:22 (Aged 16-64 - All : All People )",54700,"A"
"Oct 2024-Sep 2025","2025-09","Pendle","E07000122","402721025","T01:25 (Aged 16-64 - Economically active : All People )",44600,"A"
"Oct 2024-Sep 2025","2025-09","Pendle","E07000122","402721281","T01:28 (Aged 16-64 - In employment : All People )",44600,"A"
"Oct 2024-Sep 2025","2025-09","Pendle","E07000122","402722049","T01:37 (Aged 16-64 - Unemployed : All People )",,"F"
"Oct 2024-Sep 2025","2025-09","Preston","E07000123","402720769","T01:22 (Aged 16-64 - All : All People )",89900,"A"
"Oct 2024-Sep 2025","2025-09","Preston","E07000123","402721025","T01:25 (Aged 16-64 - Economically active : All People )",76100,"A"
"Oct 2024-Sep 2025","2025-09","Preston","E07000123","402721281","T01:28 (Aged 16-64 - In employment : All People )",70300,"A"
"Oct 2024-Sep 2025","2025-09","Preston","E07000123","402722049","T01:37 (Aged 16-64 - Unemployed : All People )",,"B"
"Oct 2024-Sep 2025","2025-09","Ribble Valley","E07000124","402720769","T01:22 (Aged 16-64 - All : All People )",34600,"A"
"Oct 2024-Sep 2025","2025-09","Ribble Valley","E07000124","402721025","T01:25 (Aged 16-64 - Economically active : All People )",28900,"A"
"Oct 2024-Sep 2025","2025-09","Ribble Valley","E07000124","402721281","T01:28 (Aged 16-64 - In employment : All People )",28300,"A"
"Oct 2024-Sep 2025","2025-09","Ribble Valley","E07000124","402722049","T01:37 (Aged 16-64 - Unemployed : All People )",,"F"
"Oct 2024-Sep 2025","2025-09","Rossendale","E07000125","402720769","T01:22 (Aged 16-64 - All : All People )",44100,"A"
"Oct 2024-Sep 2025","2025-09","Rossendale","E07000125","402721025","T01:25 (Aged 16-64 - Economically active : All People )",32900,"A"
"Oct 2024-Sep 2025","2025-09","Rossendale","E07000125","402721281","T01:28 (Aged 16-64 - In employment : All People )",30800,"A"
"Oct 2024-Sep 2025","2025-09","Rossendale","E07000125","402722049","T01:37 (Aged 16-64 - Unemployed : All People )",,"B"
"Oct 2024-Sep 2025","2025-09","South Ribble","E07000126","402720769","T01:22 (Aged 16-64 - All : All People )",65400,"A"
"Oct 2024-Sep 2025","2025-09","South Ribble","E07000126","402721025","T01:25 (Aged 16-64 - Economically active : All People )",54300,"A"
"Oct 2024-Sep 2025","2025-09","South Ribble","E07000126","402721281","T01:28 (Aged 16-64 - In employment : All People )",51800,"A"
"Oct 2024-Sep 2025","2025-09","South Ribble","E07000126","402722049","T01:37 (Aged 16-64 - Unemployed : All People )",,"B"
"Oct 2024-Sep 2025","2025-09","West Lancashire","E07000127","402720769","T01:22 (Aged 16-64 - All : All People )",70700,"A"
"Oct 2024-Sep 2025","2025-09","West Lancashire","E07000127","402721025","T01:25 (Aged 16-64 - Economically active : All People )",56900,"A"
"Oct 2024-Sep 2025","2025-09","West Lancashire","E07000127","402721281","T01:28 (Aged 16-64 - In employment : All People )",55500,"A"
"Oct 2024-Sep 2025","2025-09","West Lancashire","E07000127","402722049","T01:37 (Aged 16-64 - Unemployed : All People )",,"F"
"Oct 2024-Sep 2025","2025-09","Wyre","E07000128","402720769","T01:22 (Aged 16-64 - All : All People )",62400,"A"
"Oct 2024-Sep 2025","2025-09","Wyre","E07000128","402721025","T01:25 (Aged 16-64 - Economically active : All People )",51300,"A"
"Oct 2024-Sep 2025","2025-09","Wyre","E07000128","402721281","T01:28 (Aged 16-64 - In employment : All People )",50700,"A"
"Oct 2024-Sep 2025","2025-09","Wyre","E07000128","402722049","T01:37 (Aged 16-64 - Unemployed : All People )",,"F"
"Oct 2024-Sep 2025","2025-09","Knowsley","E08000011","402720769","T01:22 (Aged 16-64 - All : All People )",92400,"A"
"Oct 2024-Sep 2025","2025-09","Knowsley","E08000011","402721025","T01:25 (Aged 16-64 - Economically active : All People )",69900,"A"
"Oct 2024-Sep 2025","2025-09","Knowsley","E08000011","402721281","T01:28 (Aged 16-64 - In employment : All People )",66800,"A"
"Oct 2024-Sep 2025","2025-09","Knowsley","E08000011","402722049","T01:37 (Aged 16-64 - Unemployed : All People )",3000,"A"
"Oct 2024-Sep 2025","2025-09","Liverpool","E08000012","402720769","T01:22 (Aged 16-64 - All : All People )",337600,"A"
"Oct 2024-Sep 2025","2025-09","Liverpool","E08000012","402721025","T01:25 (Aged 16-64 - Economically active : All People )",248100,"A"
"Oct 2024-Sep 2025","2025-09","Liverpool","E08000012","402721281","T01:28 (Aged 16-64 - In employment : All People )",233300,"A"
"Oct 2024-Sep 2025","2025-09","Liverpool","E08000012","402722049","T01:37 (Aged 16-64 - Unemployed : All People )",14800,"A"
"Oct 2024-Sep 2025","2025-09","Sefton","E08000014","402720769","T01:22 (Aged 16-64 - All : All People )",162200,"A"
"Oct 2024-Sep 2025","2025-09","Sefton","E08000014","402721025","T01:25 (Aged 16-64 - Economically active : All People )",125100,"A"
"Oct 2024-Sep 2025","2025-09","Sefton","E08000014","402721281","T01:28 (Aged 16-64 - In employment : All People )",120500,"A"
"Oct 2024-Sep 2025","2025-09","Sefton","E08000014","402722049","T01:37 (Aged 16-64 - Unemployed : All People )",4600,"A"
"Oct 2024-Sep 2025","2025-09","St. Helens","E08000013","402720769","T01:22 (Aged 16-64 - All : All People )",110800,"A"
"Oct 2024-Sep 2025","2025-09","St. Helens","E08000013","402721025","T01:25 (Aged 16-64 - Economically active : All People )",86400,"A"
"Oct 2024-Sep 2025","2025-09","St. Helens","E08000013","402721281","T01:28 (Aged 16-64 - In employment : All People )",83500,"A"
"Oct 2024-Sep 2025","2025-09","St. Helens","E08000013","402722049","T01:37 (Aged 16-64 - Unemployed : All People )",,"B"
"Oct 2024-Sep 2025","2025-09","Wirral","E08000015","402720769","T01:22 (Aged 16-64 - All : All People )",193100,"A"
"Oct 2024-Sep 2025","2025-09","Wirral","E08000015","402721025","T01:25 (Aged 16-64 - Economically active : All People )",148400,"A"
"Oct 2024-Sep 2025","2025-09","Wirral","E08000015","402721281","T01:28 (Aged 16-64 - In employment : All People )",140200,"A"
"Oct 2024-Sep 2025","2025-09","Wirral","E08000015","402722049","T01:37 (Aged 16-64 - Unemployed : All People )",8200,"A"
"Oct 2024-Sep 2025","2025-09","East Riding of Yorkshire","E06000011","402720769","T01:22 (Aged 16-64 - All : All People )",193900,"A"
"Oct 2024-Sep 2025","2025-09","East Riding of Yorkshire","E06000011","402721025","T01:25 (Aged 16-64 - Economically active : All People )",160300,"A"
"Oct 2024-Sep 2025","2025-09","East Riding of Yorkshire","E06000011","402721281","T01:28 (Aged 16-64 - In employment : All People )",153600,"A"
"Oct 2024-Sep 2025","2025-09","East Riding of Yorkshire","E06000011","402722049","T01:37 (Aged 16-64 - Unemployed : All People )",6600,"A"
"Oct 2024-Sep 2025","2025-09","Kingston upon Hull, City of","E06000010","402720769","T01:22 (Aged 16-64 - All : All People )",170100,"A"
"Oct 2024-Sep 2025","2025-09","Kingston upon Hull, City of","E06000010","402721025","T01:25 (Aged 16-64 - Economically active : All People )",123700,"A"
"Oct 2024-Sep 2025","2025-09","Kingston upon Hull, City of","E06000010","402721281","T01:28 (Aged 16-64 - In employment : All People )",114200,"A"
"Oct 2024-Sep 2025","2025-09","Kingston upon Hull, City of","E06000010","402722049","T01:37 (Aged 16-64 - Unemployed : All People )",9500,"A"
"Oct 2024-Sep 2025","2025-09","North East Lincolnshire","E06000012","402720769","T01:22 (Aged 16-64 - All : All People )",95700,"A"
"Oct 2024-Sep 2025","2025-09","North East Lincolnshire","E06000012","402721025","T01:25 (Aged 16-64 - Economically active : All People )",71100,"A"
"Oct 2024-Sep 2025","2025-09","North East Lincolnshire","E06000012","402721281","T01:28 (Aged 16-64 - In employment : All People )",66800,"A"
"Oct 2024-Sep 2025","2025-09","North East Lincolnshire","E06000012","402722049","T01:37 (Aged 16-64 - Unemployed : All People )",4300,"A"
"Oct 2024-Sep 2025","2025-09","North Lincolnshire","E06000013","402720769","T01:22 (Aged 16-64 - All : All People )",103400,"A"
"Oct 2024-Sep 2025","2025-09","North Lincolnshire","E06000013","402721025","T01:25 (Aged 16-64 - Economically active : All People )",77300,"A"
"Oct 2024-Sep 2025","2025-09","North Lincolnshire","E06000013","402721281","T01:28 (Aged 16-64 - In employment : All People )",71700,"A"
"Oct 2024-Sep 2025","2025-09","North Lincolnshire","E06000013","402722049","T01:37 (Aged 16-64 - Unemployed : All People )",5600,"A"
"Oct 2024-Sep 2025","2025-09","York","E06000014","402720769","T01:22 (Aged 16-64 - All : All People )",138300,"A"
"Oct 2024-Sep 2025","2025-09","York","E06000014","402721025","T01:25 (Aged 16-64 - Economically active : All People )",112200,"A"
"Oct 2024-Sep 2025","2025-09","York","E06000014","402721281","T01:28 (Aged 16-64 - In employment : All People )",110500,"A"
"Oct 2024-Sep 2025","2025-09","York","E06000014","402722049","T01:37 (Aged 16-64 - Unemployed : All People )",,"B"
"Oct 2024-Sep 2025","2025-09","Craven","E07000163","402720769","T01:22 (Aged 16-64 - All : All People )",31100,"A"
"Oct 2024-Sep 2025","2025-09","Craven","E07000163","402721025","T01:25 (Aged 16-64 - Economically active : All People )",24200,"A"
"Oct 2024-Sep 2025","2025-09","Craven","E07000163","402721281","T01:28 (Aged 16-64 - In employment : All People )",24200,"A"
"Oct 2024-Sep 2025","2025-09","Craven","E07000163","402722049","T01:37 (Aged 16-64 - Unemployed : All People )",,"F"
"Oct 2024-Sep 2025","2025-09","Hambleton","E07000164","402720769","T01:22 (Aged 16-64 - All : All People )",50600,"A"
"Oct 2024-Sep 2025","2025-09","Hambleton","E07000164","402721025","T01:25 (Aged 16-64 - Economically active : All People )",39800,"A"
"Oct 2024-Sep 2025","2025-09","Hambleton","E07000164","402721281","T01:28 (Aged 16-64 - In employment : All People )",39300,"A"
"Oct 2024-Sep 2025","2025-09","Hambleton","E07000164","402722049","T01:37 (Aged 16-64 - Unemployed : All People )",,"F"
"Oct 2024-Sep 2025","2025-09","Harrogate","E07000165","402720769","T01:22 (Aged 16-64 - All : All People )",93000,"A"
"Oct 2024-Sep 2025","2025-09","Harrogate","E07000165","402721025","T01:25 (Aged 16-64 - Economically active : All People )",70800,"A"
"Oct 2024-Sep 2025","2025-09","Harrogate","E07000165","402721281","T01:28 (Aged 16-64 - In employment : All People )",68900,"A"
"Oct 2024-Sep 2025","2025-09","Harrogate","E07000165","402722049","T01:37 (Aged 16-64 - Unemployed : All People )",,"B"
"Oct 2024-Sep 2025","2025-09","Richmondshire","E07000166","402720769","T01:22 (Aged 16-64 - All : All People )",28300,"A"
"Oct 2024-Sep 2025","2025-09","Richmondshire","E07000166","402721025","T01:25 (Aged 16-64 - Economically active : All People )",23600,"A"
"Oct 2024-Sep 2025","2025-09","Richmondshire","E07000166","402721281","T01:28 (Aged 16-64 - In employment : All People )",23600,"A"
"Oct 2024-Sep 2025","2025-09","Richmondshire","E07000166","402722049","T01:37 (Aged 16-64 - Unemployed : All People )",,"F"
"Oct 2024-Sep 2025","2025-09","Ryedale","E07000167","402720769","T01:22 (Aged 16-64 - All : All People )",31300,"A"
"Oct 2024-Sep 2025","2025-09","Ryedale","E07000167","402721025","T01:25 (Aged 16-64 - Economically active : All People )",25500,"A"
"Oct 2024-Sep 2025","2025-09","Ryedale","E07000167","402721281","T01:28 (Aged 16-64 - In employment : All People )",24900,"A"
"Oct 2024-Sep 2025","2025-09","Ryedale","E07000167","402722049","T01:37 (Aged 16-64 - Unemployed : All People )",,"F"
"Oct 2024-Sep 2025","2025-09","Scarborough","E07000168","402720769","T01:22 (Aged 16-64 - All : All People )",61000,"A"
"Oct 2024-Sep 2025","2025-09","Scarborough","E07000168","402721025","T01:25 (Aged 16-64 - Economically active : All People )",46600,"A"
"Oct 2024-Sep 2025","2025-09","Scarborough","E07000168","402721281","T01:28 (Aged 16-64 - In employment : All People )",46600,"A"
"Oct 2024-Sep 2025","2025-09","Scarborough","E07000168","402722049","T01:37 (Aged 16-64 - Unemployed : All People )",,"F"
"Oct 2024-Sep 2025","2025-09","Selby","E07000169","402720769","T01:22 (Aged 16-64 - All : All People )",55800,"A"
"Oct 2024-Sep 2025","2025-09","Selby","E07000169","402721025","T01:25 (Aged 16-64 - Economically active : All People )",45100,"A"
"Oct 2024-Sep 2025","2025-09","Selby","E07000169","402721281","T01:28 (Aged 16-64 - In employment : All People )",44000,"A"
"Oct 2024-Sep 2025","2025-09","Selby","E07000169","402722049","T01:37 (Aged 16-64 - Unemployed : All People )",,"B"
"Oct 2024-Sep 2025","2025-09","Barnsley","E08000016","402720769","T01:22 (Aged 16-64 - All : All People )",152500,"A"
"Oct 2024-Sep 2025","2025-09","Barnsley","E08000016","402721025","T01:25 (Aged 16-64 - Economically active : All People )",117300,"A"
"Oct 2024-Sep 2025","2025-09","Barnsley","E08000016","402721281","T01:28 (Aged 16-64 - In employment : All People )",115500,"A"
"Oct 2024-Sep 2025","2025-09","Barnsley","E08000016","402722049","T01:37 (Aged 16-64 - Unemployed : All People )",,"B"
"Oct 2024-Sep 2025","2025-09","Doncaster","E08000017","402720769","T01:22 (Aged 16-64 - All : All People )",188800,"A"
"Oct 2024-Sep 2025","2025-09","Doncaster","E08000017","402721025","T01:25 (Aged 16-64 - Economically active : All People )",147800,"A"
"Oct 2024-Sep 2025","2025-09","Doncaster","E08000017","402721281","T01:28 (Aged 16-64 - In employment : All People )",142200,"A"
"Oct 2024-Sep 2025","2025-09","Doncaster","E08000017","402722049","T01:37 (Aged 16-64 - Unemployed : All People )",5600,"A"
"Oct 2024-Sep 2025","2025-09","Rotherham","E08000018","402720769","T01:22 (Aged 16-64 - All : All People )",161700,"A"
"Oct 2024-Sep 2025","2025-09","Rotherham","E08000018","402721025","T01:25 (Aged 16-64 - Economically active : All People )",122200,"A"
"Oct 2024-Sep 2025","2025-09","Rotherham","E08000018","402721281","T01:28 (Aged 16-64 - In employment : All People )",116800,"A"
"Oct 2024-Sep 2025","2025-09","Rotherham","E08000018","402722049","T01:37 (Aged 16-64 - Unemployed : All People )",5300,"A"
"Oct 2024-Sep 2025","2025-09","Sheffield","E08000019","402720769","T01:22 (Aged 16-64 - All : All People )",390700,"A"
"Oct 2024-Sep 2025","2025-09","Sheffield","E08000019","402721025","T01:25 (Aged 16-64 - Economically active : All People )",289400,"A"
"Oct 2024-Sep 2025","2025-09","Sheffield","E08000019","402721281","T01:28 (Aged 16-64 - In employment : All People )",280300,"A"
"Oct 2024-Sep 2025","2025-09","Sheffield","E08000019","402722049","T01:37 (Aged 16-64 - Unemployed : All People )",9100,"A"
"Oct 2024-Sep 2025","2025-09","Bradford","E08000032","402720769","T01:22 (Aged 16-64 - All : All People )",331200,"A"
"Oct 2024-Sep 2025","2025-09","Bradford","E08000032","402721025","T01:25 (Aged 16-64 - Economically active : All People )",244500,"A"
"Oct 2024-Sep 2025","2025-09","Bradford","E08000032","402721281","T01:28 (Aged 16-64 - In employment : All People )",228200,"A"
"Oct 2024-Sep 2025","2025-09","Bradford","E08000032","402722049","T01:37 (Aged 16-64 - Unemployed : All People )",16300,"A"
"Oct 2024-Sep 2025","2025-09","Calderdale","E08000033","402720769","T01:22 (Aged 16-64 - All : All People )",132000,"A"
"Oct 2024-Sep 2025","2025-09","Calderdale","E08000033","402721025","T01:25 (Aged 16-64 - Economically active : All People )",99100,"A"
"Oct 2024-Sep 2025","2025-09","Calderdale","E08000033","402721281","T01:28 (Aged 16-64 - In employment : All People )",92300,"A"
"Oct 2024-Sep 2025","2025-09","Calderdale","E08000033","402722049","T01:37 (Aged 16-64 - Unemployed : All People )",6800,"A"
"Oct 2024-Sep 2025","2025-09","Kirklees","E08000034","402720769","T01:22 (Aged 16-64 - All : All People )",275700,"A"
"Oct 2024-Sep 2025","2025-09","Kirklees","E08000034","402721025","T01:25 (Aged 16-64 - Economically active : All People )",216400,"A"
"Oct 2024-Sep 2025","2025-09","Kirklees","E08000034","402721281","T01:28 (Aged 16-64 - In employment : All People )",206500,"A"
"Oct 2024-Sep 2025","2025-09","Kirklees","E08000034","402722049","T01:37 (Aged 16-64 - Unemployed : All People )",9900,"A"
"Oct 2024-Sep 2025","2025-09","Leeds","E08000035","402720769","T01:22 (Aged 16-64 - All : All People )",521100,"A"
"Oct 2024-Sep 2025","2025-09","Leeds","E08000035","402721025","T01:25 (Aged 16-64 - Economically active : All People )",391200,"A"
"Oct 2024-Sep 2025","2025-09","Leeds","E08000035","402721281","T01:28 (Aged 16-64 - In employment : All People )",372900,"A"
"Oct 2024-Sep 2025","2025-09","Leeds","E08000035","402722049","T01:37 (Aged 16-64 - Unemployed : All People )",18300,"A"
"Oct 2024-Sep 2025","2025-09","Wakefield","E08000036","402720769","T01:22 (Aged 16-64 - All : All People )",211400,"A"
"Oct 2024-Sep 2025","2025-09","Wakefield","E08000036","402721025","T01:25 (Aged 16-64 - Economically active : All People )",163500,"A"
"Oct 2024-Sep 2025","2025-09","Wakefield","E08000036","402721281","T01:28 (Aged 16-64 - In employment : All People )",157100,"A"
"Oct 2024-Sep 2025","2025-09","Wakefield","E08000036","402722049","T01:37 (Aged 16-64 - Unemployed : All People )",6400,"A"
"Oct 2024-Sep 2025","2025-09","Derby","E06000015","402720769","T01:22 (Aged 16-64 - All : All People )",163500,"A"
"Oct 2024-Sep 2025","2025-09","Derby","E06000015","402721025","T01:25 (Aged 16-64 - Economically active : All People )",125100,"A"
"Oct 2024-Sep 2025","2025-09","Derby","E06000015","402721281","T01:28 (Aged 16-64 - In employment : All People )",119700,"A"
"Oct 2024-Sep 2025","2025-09","Derby","E06000015","402722049","T01:37 (Aged 16-64 - Unemployed : All People )",5400,"A"
"Oct 2024-Sep 2025","2025-09","Leicester","E06000016","402720769","T01:22 (Aged 16-64 - All : All People )",237100,"A"
"Oct 2024-Sep 2025","2025-09","Leicester","E06000016","402721025","T01:25 (Aged 16-64 - Economically active : All People )",177800,"A"
"Oct 2024-Sep 2025","2025-09","Leicester","E06000016","402721281","T01:28 (Aged 16-64 - In employment : All People )",164600,"A"
"Oct 2024-Sep 2025","2025-09","Leicester","E06000016","402722049","T01:37 (Aged 16-64 - Unemployed : All People )",13100,"A"
"Oct 2024-Sep 2025","2025-09","Nottingham","E06000018","402720769","T01:22 (Aged 16-64 - All : All People )",228400,"A"
"Oct 2024-Sep 2025","2025-09","Nottingham","E06000018","402721025","T01:25 (Aged 16-64 - Economically active : All People )",163200,"A"
"Oct 2024-Sep 2025","2025-09","Nottingham","E06000018","402721281","T01:28 (Aged 16-64 - In employment : All People )",152300,"A"
"Oct 2024-Sep 2025","2025-09","Nottingham","E06000018","402722049","T01:37 (Aged 16-64 - Unemployed : All People )",10900,"A"
"Oct 2024-Sep 2025","2025-09","Rutland","E06000017","402720769","T01:22 (Aged 16-64 - All : All People )",20500,"A"
"Oct 2024-Sep 2025","2025-09","Rutland","E06000017","402721025","T01:25 (Aged 16-64 - Economically active : All People )",16500,"A"
"Oct 2024-Sep 2025","2025-09","Rutland","E06000017","402721281","T01:28 (Aged 16-64 - In employment : All People )",16500,"A"
"Oct 2024-Sep 2025","2025-09","Rutland","E06000017","402722049","T01:37 (Aged 16-64 - Unemployed : All People )",,"F"
"Oct 2024-Sep 2025","2025-09","Amber Valley","E07000032","402720769","T01:22 (Aged 16-64 - All : All People )",77900,"A"
"Oct 2024-Sep 2025","2025-09","Amber Valley","E07000032","402721025","T01:25 (Aged 16-64 - Economically active : All People )",59700,"A"
"Oct 2024-Sep 2025","2025-09","Amber Valley","E07000032","402721281","T01:28 (Aged 16-64 - In employment : All People )",58300,"A"
"Oct 2024-Sep 2025","2025-09","Amber Valley","E07000032","402722049","T01:37 (Aged 16-64 - Unemployed : All People )",,"F"
"Oct 2024-Sep 2025","2025-09","Bolsover","E07000033","402720769","T01:22 (Aged 16-64 - All : All People )",51300,"A"
"Oct 2024-Sep 2025","2025-09","Bolsover","E07000033","402721025","T01:25 (Aged 16-64 - Economically active : All People )",38500,"A"
"Oct 2024-Sep 2025","2025-09","Bolsover","E07000033","402721281","T01:28 (Aged 16-64 - In employment : All People )",37600,"A"
"Oct 2024-Sep 2025","2025-09","Bolsover","E07000033","402722049","T01:37 (Aged 16-64 - Unemployed : All People )",,"F"
"Oct 2024-Sep 2025","2025-09","Chesterfield","E07000034","402720769","T01:22 (Aged 16-64 - All : All People )",64400,"A"
"Oct 2024-Sep 2025","2025-09","Chesterfield","E07000034","402721025","T01:25 (Aged 16-64 - Economically active : All People )",52300,"A"
"Oct 2024-Sep 2025","2025-09","Chesterfield","E07000034","402721281","T01:28 (Aged 16-64 - In employment : All People )",50600,"A"
"Oct 2024-Sep 2025","2025-09","Chesterfield","E07000034","402722049","T01:37 (Aged 16-64 - Unemployed : All People )",,"B"
"Oct 2024-Sep 2025","2025-09","Derbyshire Dales","E07000035","402720769","T01:22 (Aged 16-64 - All : All People )",41500,"A"
"Oct 2024-Sep 2025","2025-09","Derbyshire Dales","E07000035","402721025","T01:25 (Aged 16-64 - Economically active : All People )",30000,"A"
"Oct 2024-Sep 2025","2025-09","Derbyshire Dales","E07000035","402721281","T01:28 (Aged 16-64 - In employment : All People )",30000,"A"
"Oct 2024-Sep 2025","2025-09","Derbyshire Dales","E07000035","402722049","T01:37 (Aged 16-64 - Unemployed : All People )",,"F"
"Oct 2024-Sep 2025","2025-09","Erewash","E07000036","402720769","T01:22 (Aged 16-64 - All : All People )",72000,"A"
"Oct 2024-Sep 2025","2025-09","Erewash","E07000036","402721025","T01:25 (Aged 16-64 - Economically active : All People )",63400,"A"
"Oct 2024-Sep 2025","2025-09","Erewash","E07000036","402721281","T01:28 (Aged 16-64 - In employment : All People )",61400,"A"
"Oct 2024-Sep 2025","2025-09","Erewash","E07000036","402722049","T01:37 (Aged 16-64 - Unemployed : All People )",,"B"
"Oct 2024-Sep 2025","2025-09","High Peak","E07000037","402720769","T01:22 (Aged 16-64 - All : All People )",56400,"A"
"Oct 2024-Sep 2025","2025-09","High Peak","E07000037","402721025","T01:25 (Aged 16-64 - Economically active : All People )",47700,"A"
"Oct 2024-Sep 2025","2025-09","High Peak","E07000037","402721281","T01:28 (Aged 16-64 - In employment : All People )",45900,"A"
"Oct 2024-Sep 2025","2025-09","High Peak","E07000037","402722049","T01:37 (Aged 16-64 - Unemployed : All People )",,"F"
"Oct 2024-Sep 2025","2025-09","North East Derbyshire","E07000038","402720769","T01:22 (Aged 16-64 - All : All People )",59500,"A"
"Oct 2024-Sep 2025","2025-09","North East Derbyshire","E07000038","402721025","T01:25 (Aged 16-64 - Economically active : All People )",48900,"A"
"Oct 2024-Sep 2025","2025-09","North East Derbyshire","E07000038","402721281","T01:28 (Aged 16-64 - In employment : All People )",46200,"A"
"Oct 2024-Sep 2025","2025-09","North East Derbyshire","E07000038","402722049","T01:37 (Aged 16-64 - Unemployed : All People )",,"B"
"Oct 2024-Sep 2025","2025-09","South Derbyshire","E07000039","402720769","T01:22 (Aged 16-64 - All : All People )",64600,"A"
"Oct 2024-Sep 2025","2025-09","South Derbyshire","E07000039","402721025","T01:25 (Aged 16-64 - Economically active : All People )",54800,"A"
"Oct 2024-Sep 2025","2025-09","South Derbyshire","E07000039","402721281","T01:28 (Aged 16-64 - In employment : All People )",52400,"A"
"Oct 2024-Sep 2025","2025-09","South Derbyshire","E07000039","402722049","T01:37 (Aged 16-64 - Unemployed : All People )",,"B"
"Oct 2024-Sep 2025","2025-09","Blaby","E07000129","402720769","T01:22 (Aged 16-64 - All : All People )",60400,"A"
"Oct 2024-Sep 2025","2025-09","Blaby","E07000129","402721025","T01:25 (Aged 16-64 - Economically active : All People )",50700,"A"
"Oct 2024-Sep 2025","2025-09","Blaby","E07000129","402721281","T01:28 (Aged 16-64 - In employment : All People )",50200,"A"
"Oct 2024-Sep 2025","2025-09","Blaby","E07000129","402722049","T01:37 (Aged 16-64 - Unemployed : All People )",,"F"
"Oct 2024-Sep 2025","2025-09","Charnwood","E07000130","402720769","T01:22 (Aged 16-64 - All : All People )",119000,"A"
"Oct 2024-Sep 2025","2025-09","Charnwood","E07000130","402721025","T01:25 (Aged 16-64 - Economically active : All People )",90000,"A"
"Oct 2024-Sep 2025","2025-09","Charnwood","E07000130","402721281","T01:28 (Aged 16-64 - In employment : All People )",84000,"A"
"Oct 2024-Sep 2025","2025-09","Charnwood","E07000130","402722049","T01:37 (Aged 16-64 - Unemployed : All People )",,"B"
"Oct 2024-Sep 2025","2025-09","Harborough","E07000131","402720769","T01:22 (Aged 16-64 - All : All People )",54800,"A"
"Oct 2024-Sep 2025","2025-09","Harborough","E07000131","402721025","T01:25 (Aged 16-64 - Economically active : All People )",48200,"A"
"Oct 2024-Sep 2025","2025-09","Harborough","E07000131","402721281","T01:28 (Aged 16-64 - In employment : All People )",47100,"A"
"Oct 2024-Sep 2025","2025-09","Harborough","E07000131","402722049","T01:37 (Aged 16-64 - Unemployed : All People )",,"F"
"Oct 2024-Sep 2025","2025-09","Hinckley and Bosworth","E07000132","402720769","T01:22 (Aged 16-64 - All : All People )",67700,"A"
"Oct 2024-Sep 2025","2025-09","Hinckley and Bosworth","E07000132","402721025","T01:25 (Aged 16-64 - Economically active : All People )",56700,"A"
"Oct 2024-Sep 2025","2025-09","Hinckley and Bosworth","E07000132","402721281","T01:28 (Aged 16-64 - In employment : All People )",56700,"A"
"Oct 2024-Sep 2025","2025-09","Hinckley and Bosworth","E07000132","402722049","T01:37 (Aged 16-64 - Unemployed : All People )",,"F"
"Oct 2024-Sep 2025","2025-09","Melton","E07000133","402720769","T01:22 (Aged 16-64 - All : All People )",30100,"A"
"Oct 2024-Sep 2025","2025-09","Melton","E07000133","402721025","T01:25 (Aged 16-64 - Economically active : All People )",24900,"A"
"Oct 2024-Sep 2025","2025-09","Melton","E07000133","402721281","T01:28 (Aged 16-64 - In employment : All People )",22900,"A"
"Oct 2024-Sep 2025","2025-09","Melton","E07000133","402722049","T01:37 (Aged 16-64 - Unemployed : All People )",,"F"
"Oct 2024-Sep 2025","2025-09","North West Leicestershire","E07000134","402720769","T01:22 (Aged 16-64 - All : All People )",62100,"A"
"Oct 2024-Sep 2025","2025-09","North West Leicestershire","E07000134","402721025","T01:25 (Aged 16-64 - Economically active : All People )",51100,"A"
"Oct 2024-Sep 2025","2025-09","North West Leicestershire","E07000134","402721281","T01:28 (Aged 16-64 - In employment : All People )",50500,"A"
"Oct 2024-Sep 2025","2025-09","North West Leicestershire","E07000134","402722049","T01:37 (Aged 16-64 - Unemployed : All People )",,"F"
"Oct 2024-Sep 2025","2025-09","Oadby and Wigston","E07000135","402720769","T01:22 (Aged 16-64 - All : All People )",33200,"A"
"Oct 2024-Sep 2025","2025-09","Oadby and Wigston","E07000135","402721025","T01:25 (Aged 16-64 - Economically active : All People )",27700,"A"
"Oct 2024-Sep 2025","2025-09","Oadby and Wigston","E07000135","402721281","T01:28 (Aged 16-64 - In employment : All People )",27700,"A"
"Oct 2024-Sep 2025","2025-09","Oadby and Wigston","E07000135","402722049","T01:37 (Aged 16-64 - Unemployed : All People )",,"F"
"Oct 2024-Sep 2025","2025-09","Boston","E07000136","402720769","T01:22 (Aged 16-64 - All : All People )",42200,"A"
"Oct 2024-Sep 2025","2025-09","Boston","E07000136","402721025","T01:25 (Aged 16-64 - Economically active : All People )",29400,"A"
"Oct 2024-Sep 2025","2025-09","Boston","E07000136","402721281","T01:28 (Aged 16-64 - In employment : All People )",29400,"A"
"Oct 2024-Sep 2025","2025-09","Boston","E07000136","402722049","T01:37 (Aged 16-64 - Unemployed : All People )",,"F"
"Oct 2024-Sep 2025","2025-09","East Lindsey","E07000137","402720769","T01:22 (Aged 16-64 - All : All People )",75200,"A"
"Oct 2024-Sep 2025","2025-09","East Lindsey","E07000137","402721025","T01:25 (Aged 16-64 - Economically active : All People )",55800,"A"
"Oct 2024-Sep 2025","2025-09","East Lindsey","E07000137","402721281","T01:28 (Aged 16-64 - In employment : All People )",54100,"A"
"Oct 2024-Sep 2025","2025-09","East Lindsey","E07000137","402722049","T01:37 (Aged 16-64 - Unemployed : All People )",,"B"
"Oct 2024-Sep 2025","2025-09","Lincoln","E07000138","402720769","T01:22 (Aged 16-64 - All : All People )",63500,"A"
"Oct 2024-Sep 2025","2025-09","Lincoln","E07000138","402721025","T01:25 (Aged 16-64 - Economically active : All People )",50100,"A"
"Oct 2024-Sep 2025","2025-09","Lincoln","E07000138","402721281","T01:28 (Aged 16-64 - In employment : All People )",48300,"A"
"Oct 2024-Sep 2025","2025-09","Lincoln","E07000138","402722049","T01:37 (Aged 16-64 - Unemployed : All People )",,"B"
"Oct 2024-Sep 2025","2025-09","North Kesteven","E07000139","402720769","T01:22 (Aged 16-64 - All : All People )",72000,"A"
"Oct 2024-Sep 2025","2025-09","North Kesteven","E07000139","402721025","T01:25 (Aged 16-64 - Economically active : All People )",57300,"A"
"Oct 2024-Sep 2025","2025-09","North Kesteven","E07000139","402721281","T01:28 (Aged 16-64 - In employment : All People )",55400,"A"
"Oct 2024-Sep 2025","2025-09","North Kesteven","E07000139","402722049","T01:37 (Aged 16-64 - Unemployed : All People )",,"F"
"Oct 2024-Sep 2025","2025-09","South Holland","E07000140","402720769","T01:22 (Aged 16-64 - All : All People )",54500,"A"
"Oct 2024-Sep 2025","2025-09","South Holland","E07000140","402721025","T01:25 (Aged 16-64 - Economically active : All People )",44100,"A"
"Oct 2024-Sep 2025","2025-09","South Holland","E07000140","402721281","T01:28 (Aged 16-64 - In employment : All People )",43500,"A"
"Oct 2024-Sep 2025","2025-09","South Holland","E07000140","402722049","T01:37 (Aged 16-64 - Unemployed : All People )",,"F"
"Oct 2024-Sep 2025","2025-09","South Kesteven","E07000141","402720769","T01:22 (Aged 16-64 - All : All People )",83700,"A"
"Oct 2024-Sep 2025","2025-09","South Kesteven","E07000141","402721025","T01:25 (Aged 16-64 - Economically active : All People )",66700,"A"
"Oct 2024-Sep 2025","2025-09","South Kesteven","E07000141","402721281","T01:28 (Aged 16-64 - In employment : All People )",64400,"A"
"Oct 2024-Sep 2025","2025-09","South Kesteven","E07000141","402722049","T01:37 (Aged 16-64 - Unemployed : All People )",,"B"
"Oct 2024-Sep 2025","2025-09","West Lindsey","E07000142","402720769","T01:22 (Aged 16-64 - All : All People )",56700,"A"
"Oct 2024-Sep 2025","2025-09","West Lindsey","E07000142","402721025","T01:25 (Aged 16-64 - Economically active : All People )",45300,"A"
"Oct 2024-Sep 2025","2025-09","West Lindsey","E07000142","402721281","T01:28 (Aged 16-64 - In employment : All People )",45300,"A"
"Oct 2024-Sep 2025","2025-09","West Lindsey","E07000142","402722049","T01:37 (Aged 16-64 - Unemployed : All People )",,"F"
"Oct 2024-Sep 2025","2025-09","Corby","E07000150","402720769","T01:22 (Aged 16-64 - All : All People )",44600,"A"
"Oct 2024-Sep 2025","2025-09","Corby","E07000150","402721025","T01:25 (Aged 16-64 - Economically active : All People )",38000,"A"
"Oct 2024-Sep 2025","2025-09","Corby","E07000150","402721281","T01:28 (Aged 16-64 - In employment : All People )",38000,"A"
"Oct 2024-Sep 2025","2025-09","Corby","E07000150","402722049","T01:37 (Aged 16-64 - Unemployed : All People )",,"F"
"Oct 2024-Sep 2025","2025-09","Daventry","E07000151","402720769","T01:22 (Aged 16-64 - All : All People )",49400,"A"
"Oct 2024-Sep 2025","2025-09","Daventry","E07000151","402721025","T01:25 (Aged 16-64 - Economically active : All People )",37600,"A"
"Oct 2024-Sep 2025","2025-09","Daventry","E07000151","402721281","T01:28 (Aged 16-64 - In employment : All People )",37200,"A"
"Oct 2024-Sep 2025","2025-09","Daventry","E07000151","402722049","T01:37 (Aged 16-64 - Unemployed : All People )",,"F"
"Oct 2024-Sep 2025","2025-09","East Northamptonshire","E07000152","402720769","T01:22 (Aged 16-64 - All : All People )",56000,"A"
"Oct 2024-Sep 2025","2025-09","East Northamptonshire","E07000152","402721025","T01:25 (Aged 16-64 - Economically active : All People )",42000,"A"
"Oct 2024-Sep 2025","2025-09","East Northamptonshire","E07000152","402721281","T01:28 (Aged 16-64 - In employment : All People )",41500,"A"
"Oct 2024-Sep 2025","2025-09","East Northamptonshire","E07000152","402722049","T01:37 (Aged 16-64 - Unemployed : All People )",,"F"
"Oct 2024-Sep 2025","2025-09","Kettering","E07000153","402720769","T01:22 (Aged 16-64 - All : All People )",63100,"A"
"Oct 2024-Sep 2025","2025-09","Kettering","E07000153","402721025","T01:25 (Aged 16-64 - Economically active : All People )",47000,"A"
"Oct 2024-Sep 2025","2025-09","Kettering","E07000153","402721281","T01:28 (Aged 16-64 - In employment : All People )",45500,"A"
"Oct 2024-Sep 2025","2025-09","Kettering","E07000153","402722049","T01:37 (Aged 16-64 - Unemployed : All People )",,"F"
"Oct 2024-Sep 2025","2025-09","Northampton","E07000154","402720769","T01:22 (Aged 16-64 - All : All People )",152400,"A"
"Oct 2024-Sep 2025","2025-09","Northampton","E07000154","402721025","T01:25 (Aged 16-64 - Economically active : All People )",124700,"A"
"Oct 2024-Sep 2025","2025-09","Northampton","E07000154","402721281","T01:28 (Aged 16-64 - In employment : All People )",119200,"A"
"Oct 2024-Sep 2025","2025-09","Northampton","E07000154","402722049","T01:37 (Aged 16-64 - Unemployed : All People )",,"B"
"Oct 2024-Sep 2025","2025-09","South Northamptonshire","E07000155","402720769","T01:22 (Aged 16-64 - All : All People )",55800,"A"
"Oct 2024-Sep 2025","2025-09","South Northamptonshire","E07000155","402721025","T01:25 (Aged 16-64 - Economically active : All People )",47100,"A"
"Oct 2024-Sep 2025","2025-09","South Northamptonshire","E07000155","402721281","T01:28 (Aged 16-64 - In employment : All People )",45500,"A"
"Oct 2024-Sep 2025","2025-09","South Northamptonshire","E07000155","402722049","T01:37 (Aged 16-64 - Unemployed : All People )",,"B"
"Oct 2024-Sep 2025","2025-09","Wellingborough","E07000156","402720769","T01:22 (Aged 16-64 - All : All People )",49100,"A"
"Oct 2024-Sep 2025","2025-09","Wellingborough","E07000156","402721025","T01:25 (Aged 16-64 - Economically active : All People )",38900,"A"
"Oct 2024-Sep 2025","2025-09","Wellingborough","E07000156","402721281","T01:28 (Aged 16-64 - In employment : All People )",37200,"A"
"Oct 2024-Sep 2025","2025-09","Wellingborough","E07000156","402722049","T01:37 (Aged 16-64 - Unemployed : All People )",,"B"
"Oct 2024-Sep 2025","2025-09","Ashfield","E07000170","402720769","T01:22 (Aged 16-64 - All : All People )",82100,"A"
"Oct 2024-Sep 2025","2025-09","Ashfield","E07000170","402721025","T01:25 (Aged 16-64 - Economically active : All People )",65000,"A"
"Oct 2024-Sep 2025","2025-09","Ashfield","E07000170","402721281","T01:28 (Aged 16-64 - In employment : All People )",57800,"A"
"Oct 2024-Sep 2025","2025-09","Ashfield","E07000170","402722049","T01:37 (Aged 16-64 - Unemployed : All People )",,"B"
"Oct 2024-Sep 2025","2025-09","Bassetlaw","E07000171","402720769","T01:22 (Aged 16-64 - All : All People )",70200,"A"
"Oct 2024-Sep 2025","2025-09","Bassetlaw","E07000171","402721025","T01:25 (Aged 16-64 - Economically active : All People )",52600,"A"
"Oct 2024-Sep 2025","2025-09","Bassetlaw","E07000171","402721281","T01:28 (Aged 16-64 - In employment : All People )",51000,"A"
"Oct 2024-Sep 2025","2025-09","Bassetlaw","E07000171","402722049","T01:37 (Aged 16-64 - Unemployed : All People )",,"F"
"Oct 2024-Sep 2025","2025-09","Broxtowe","E07000172","402720769","T01:22 (Aged 16-64 - All : All People )",68800,"A"
"Oct 2024-Sep 2025","2025-09","Broxtowe","E07000172","402721025","T01:25 (Aged 16-64 - Economically active : All People )",53200,"A"
"Oct 2024-Sep 2025","2025-09","Broxtowe","E07000172","402721281","T01:28 (Aged 16-64 - In employment : All People )",52600,"A"
"Oct 2024-Sep 2025","2025-09","Broxtowe","E07000172","402722049","T01:37 (Aged 16-64 - Unemployed : All People )",,"F"
"Oct 2024-Sep 2025","2025-09","Gedling","E07000173","402720769","T01:22 (Aged 16-64 - All : All People )",70500,"A"
"Oct 2024-Sep 2025","2025-09","Gedling","E07000173","402721025","T01:25 (Aged 16-64 - Economically active : All People )",58300,"A"
"Oct 2024-Sep 2025","2025-09","Gedling","E07000173","402721281","T01:28 (Aged 16-64 - In employment : All People )",54700,"A"
"Oct 2024-Sep 2025","2025-09","Gedling","E07000173","402722049","T01:37 (Aged 16-64 - Unemployed : All People )",,"B"
"Oct 2024-Sep 2025","2025-09","Mansfield","E07000174","402720769","T01:22 (Aged 16-64 - All : All People )",69300,"A"
"Oct 2024-Sep 2025","2025-09","Mansfield","E07000174","402721025","T01:25 (Aged 16-64 - Economically active : All People )",50400,"A"
"Oct 2024-Sep 2025","2025-09","Mansfield","E07000174","402721281","T01:28 (Aged 16-64 - In employment : All People )",47500,"A"
"Oct 2024-Sep 2025","2025-09","Mansfield","E07000174","402722049","T01:37 (Aged 16-64 - Unemployed : All People )",,"B"
"Oct 2024-Sep 2025","2025-09","Newark and Sherwood","E07000175","402720769","T01:22 (Aged 16-64 - All : All People )",73900,"A"
"Oct 2024-Sep 2025","2025-09","Newark and Sherwood","E07000175","402721025","T01:25 (Aged 16-64 - Economically active : All People )",54700,"A"
"Oct 2024-Sep 2025","2025-09","Newark and Sherwood","E07000175","402721281","T01:28 (Aged 16-64 - In employment : All People )",52000,"A"
"Oct 2024-Sep 2025","2025-09","Newark and Sherwood","E07000175","402722049","T01:37 (Aged 16-64 - Unemployed : All People )",,"B"
"Oct 2024-Sep 2025","2025-09","Rushcliffe","E07000176","402720769","T01:22 (Aged 16-64 - All : All People )",70800,"A"
"Oct 2024-Sep 2025","2025-09","Rushcliffe","E07000176","402721025","T01:25 (Aged 16-64 - Economically active : All People )",57500,"A"
"Oct 2024-Sep 2025","2025-09","Rushcliffe","E07000176","402721281","T01:28 (Aged 16-64 - In employment : All People )",54000,"A"
"Oct 2024-Sep 2025","2025-09","Rushcliffe","E07000176","402722049","T01:37 (Aged 16-64 - Unemployed : All People )",,"B"
"Oct 2024-Sep 2025","2025-09","Herefordshire, County of","E06000019","402720769","T01:22 (Aged 16-64 - All : All People )",111700,"A"
"Oct 2024-Sep 2025","2025-09","Herefordshire, County of","E06000019","402721025","T01:25 (Aged 16-64 - Economically active : All People )",92900,"A"
"Oct 2024-Sep 2025","2025-09","Herefordshire, County of","E06000019","402721281","T01:28 (Aged 16-64 - In employment : All People )",87400,"A"
"Oct 2024-Sep 2025","2025-09","Herefordshire, County of","E06000019","402722049","T01:37 (Aged 16-64 - Unemployed : All People )",5500,"A"
"Oct 2024-Sep 2025","2025-09","Shropshire","E06000051","402720769","T01:22 (Aged 16-64 - All : All People )",184800,"A"
"Oct 2024-Sep 2025","2025-09","Shropshire","E06000051","402721025","T01:25 (Aged 16-64 - Economically active : All People )",151500,"A"
"Oct 2024-Sep 2025","2025-09","Shropshire","E06000051","402721281","T01:28 (Aged 16-64 - In employment : All People )",147900,"A"
"Oct 2024-Sep 2025","2025-09","Shropshire","E06000051","402722049","T01:37 (Aged 16-64 - Unemployed : All People )",3600,"A"
"Oct 2024-Sep 2025","2025-09","Stoke-on-Trent","E06000021","402720769","T01:22 (Aged 16-64 - All : All People )",159800,"A"
"Oct 2024-Sep 2025","2025-09","Stoke-on-Trent","E06000021","402721025","T01:25 (Aged 16-64 - Economically active : All People )",124100,"A"
"Oct 2024-Sep 2025","2025-09","Stoke-on-Trent","E06000021","402721281","T01:28 (Aged 16-64 - In employment : All People )",119300,"A"
"Oct 2024-Sep 2025","2025-09","Stoke-on-Trent","E06000021","402722049","T01:37 (Aged 16-64 - Unemployed : All People )",,"B"
"Oct 2024-Sep 2025","2025-09","Telford and Wrekin","E06000020","402720769","T01:22 (Aged 16-64 - All : All People )",110700,"A"
"Oct 2024-Sep 2025","2025-09","Telford and Wrekin","E06000020","402721025","T01:25 (Aged 16-64 - Economically active : All People )",87200,"A"
"Oct 2024-Sep 2025","2025-09","Telford and Wrekin","E06000020","402721281","T01:28 (Aged 16-64 - In employment : All People )",84900,"A"
"Oct 2024-Sep 2025","2025-09","Telford and Wrekin","E06000020","402722049","T01:37 (Aged 16-64 - Unemployed : All People )",,"B"
"Oct 2024-Sep 2025","2025-09","Cannock Chase","E07000192","402720769","T01:22 (Aged 16-64 - All : All People )",60500,"A"
"Oct 2024-Sep 2025","2025-09","Cannock Chase","E07000192","402721025","T01:25 (Aged 16-64 - Economically active : All People )",51000,"A"
"Oct 2024-Sep 2025","2025-09","Cannock Chase","E07000192","402721281","T01:28 (Aged 16-64 - In employment : All People )",49900,"A"
"Oct 2024-Sep 2025","2025-09","Cannock Chase","E07000192","402722049","T01:37 (Aged 16-64 - Unemployed : All People )",,"F"
"Oct 2024-Sep 2025","2025-09","East Staffordshire","E07000193","402720769","T01:22 (Aged 16-64 - All : All People )",71400,"A"
"Oct 2024-Sep 2025","2025-09","East Staffordshire","E07000193","402721025","T01:25 (Aged 16-64 - Economically active : All People )",62700,"A"
"Oct 2024-Sep 2025","2025-09","East Staffordshire","E07000193","402721281","T01:28 (Aged 16-64 - In employment : All People )",60800,"A"
"Oct 2024-Sep 2025","2025-09","East Staffordshire","E07000193","402722049","T01:37 (Aged 16-64 - Unemployed : All People )",,"B"
"Oct 2024-Sep 2025","2025-09","Lichfield","E07000194","402720769","T01:22 (Aged 16-64 - All : All People )",59900,"A"
"Oct 2024-Sep 2025","2025-09","Lichfield","E07000194","402721025","T01:25 (Aged 16-64 - Economically active : All People )",51600,"A"
"Oct 2024-Sep 2025","2025-09","Lichfield","E07000194","402721281","T01:28 (Aged 16-64 - In employment : All People )",47700,"A"
"Oct 2024-Sep 2025","2025-09","Lichfield","E07000194","402722049","T01:37 (Aged 16-64 - Unemployed : All People )",,"B"
"Oct 2024-Sep 2025","2025-09","Newcastle-under-Lyme","E07000195","402720769","T01:22 (Aged 16-64 - All : All People )",81300,"A"
"Oct 2024-Sep 2025","2025-09","Newcastle-under-Lyme","E07000195","402721025","T01:25 (Aged 16-64 - Economically active : All People )",61900,"A"
"Oct 2024-Sep 2025","2025-09","Newcastle-under-Lyme","E07000195","402721281","T01:28 (Aged 16-64 - In employment : All People )",57300,"A"
"Oct 2024-Sep 2025","2025-09","Newcastle-under-Lyme","E07000195","402722049","T01:37 (Aged 16-64 - Unemployed : All People )",,"B"
"Oct 2024-Sep 2025","2025-09","South Staffordshire","E07000196","402720769","T01:22 (Aged 16-64 - All : All People )",67200,"A"
"Oct 2024-Sep 2025","2025-09","South Staffordshire","E07000196","402721025","T01:25 (Aged 16-64 - Economically active : All People )",52500,"A"
"Oct 2024-Sep 2025","2025-09","South Staffordshire","E07000196","402721281","T01:28 (Aged 16-64 - In employment : All People )",52500,"A"
"Oct 2024-Sep 2025","2025-09","South Staffordshire","E07000196","402722049","T01:37 (Aged 16-64 - Unemployed : All People )",,"F"
"Oct 2024-Sep 2025","2025-09","Stafford","E07000197","402720769","T01:22 (Aged 16-64 - All : All People )",81600,"A"
"Oct 2024-Sep 2025","2025-09","Stafford","E07000197","402721025","T01:25 (Aged 16-64 - Economically active : All People )",65900,"A"
"Oct 2024-Sep 2025","2025-09","Stafford","E07000197","402721281","T01:28 (Aged 16-64 - In employment : All People )",60500,"A"
"Oct 2024-Sep 2025","2025-09","Stafford","E07000197","402722049","T01:37 (Aged 16-64 - Unemployed : All People )",,"B"
"Oct 2024-Sep 2025","2025-09","Staffordshire Moorlands","E07000198","402720769","T01:22 (Aged 16-64 - All : All People )",58300,"A"
"Oct 2024-Sep 2025","2025-09","Staffordshire Moorlands","E07000198","402721025","T01:25 (Aged 16-64 - Economically active : All People )",45500,"A"
"Oct 2024-Sep 2025","2025-09","Staffordshire Moorlands","E07000198","402721281","T01:28 (Aged 16-64 - In employment : All People )",44400,"A"
"Oct 2024-Sep 2025","2025-09","Staffordshire Moorlands","E07000198","402722049","T01:37 (Aged 16-64 - Unemployed : All People )",,"F"
"Oct 2024-Sep 2025","2025-09","Tamworth","E07000199","402720769","T01:22 (Aged 16-64 - All : All People )",48200,"A"
"Oct 2024-Sep 2025","2025-09","Tamworth","E07000199","402721025","T01:25 (Aged 16-64 - Economically active : All People )",38800,"A"
"Oct 2024-Sep 2025","2025-09","Tamworth","E07000199","402721281","T01:28 (Aged 16-64 - In employment : All People )",38000,"A"
"Oct 2024-Sep 2025","2025-09","Tamworth","E07000199","402722049","T01:37 (Aged 16-64 - Unemployed : All People )",,"F"
"Oct 2024-Sep 2025","2025-09","North Warwickshire","E07000218","402720769","T01:22 (Aged 16-64 - All : All People )",39000,"A"
"Oct 2024-Sep 2025","2025-09","North Warwickshire","E07000218","402721025","T01:25 (Aged 16-64 - Economically active : All People )",30800,"A"
"Oct 2024-Sep 2025","2025-09","North Warwickshire","E07000218","402721281","T01:28 (Aged 16-64 - In employment : All People )",28000,"A"
"Oct 2024-Sep 2025","2025-09","North Warwickshire","E07000218","402722049","T01:37 (Aged 16-64 - Unemployed : All People )",,"B"
"Oct 2024-Sep 2025","2025-09","Nuneaton and Bedworth","E07000219","402720769","T01:22 (Aged 16-64 - All : All People )",78400,"A"
"Oct 2024-Sep 2025","2025-09","Nuneaton and Bedworth","E07000219","402721025","T01:25 (Aged 16-64 - Economically active : All People )",65000,"A"
"Oct 2024-Sep 2025","2025-09","Nuneaton and Bedworth","E07000219","402721281","T01:28 (Aged 16-64 - In employment : All People )",60300,"A"
"Oct 2024-Sep 2025","2025-09","Nuneaton and Bedworth","E07000219","402722049","T01:37 (Aged 16-64 - Unemployed : All People )",,"B"
"Oct 2024-Sep 2025","2025-09","Rugby","E07000220","402720769","T01:22 (Aged 16-64 - All : All People )",68200,"A"
"Oct 2024-Sep 2025","2025-09","Rugby","E07000220","402721025","T01:25 (Aged 16-64 - Economically active : All People )",58300,"A"
"Oct 2024-Sep 2025","2025-09","Rugby","E07000220","402721281","T01:28 (Aged 16-64 - In employment : All People )",55100,"A"
"Oct 2024-Sep 2025","2025-09","Rugby","E07000220","402722049","T01:37 (Aged 16-64 - Unemployed : All People )",,"B"
"Oct 2024-Sep 2025","2025-09","Stratford-on-Avon","E07000221","402720769","T01:22 (Aged 16-64 - All : All People )",71500,"A"
"Oct 2024-Sep 2025","2025-09","Stratford-on-Avon","E07000221","402721025","T01:25 (Aged 16-64 - Economically active : All People )",59300,"A"
"Oct 2024-Sep 2025","2025-09","Stratford-on-Avon","E07000221","402721281","T01:28 (Aged 16-64 - In employment : All People )",58800,"A"
"Oct 2024-Sep 2025","2025-09","Stratford-on-Avon","E07000221","402722049","T01:37 (Aged 16-64 - Unemployed : All People )",,"F"
"Oct 2024-Sep 2025","2025-09","Warwick","E07000222","402720769","T01:22 (Aged 16-64 - All : All People )",85400,"A"
"Oct 2024-Sep 2025","2025-09","Warwick","E07000222","402721025","T01:25 (Aged 16-64 - Economically active : All People )",72300,"A"
"Oct 2024-Sep 2025","2025-09","Warwick","E07000222","402721281","T01:28 (Aged 16-64 - In employment : All People )",70900,"A"
"Oct 2024-Sep 2025","2025-09","Warwick","E07000222","402722049","T01:37 (Aged 16-64 - Unemployed : All People )",,"B"
"Oct 2024-Sep 2025","2025-09","Birmingham","E08000025","402720769","T01:22 (Aged 16-64 - All : All People )",756200,"A"
"Oct 2024-Sep 2025","2025-09","Birmingham","E08000025","402721025","T01:25 (Aged 16-64 - Economically active : All People )",564600,"A"
"Oct 2024-Sep 2025","2025-09","Birmingham","E08000025","402721281","T01:28 (Aged 16-64 - In employment : All People )",520700,"A"
"Oct 2024-Sep 2025","2025-09","Birmingham","E08000025","402722049","T01:37 (Aged 16-64 - Unemployed : All People )",43900,"A"
"Oct 2024-Sep 2025","2025-09","Coventry","E08000026","402720769","T01:22 (Aged 16-64 - All : All People )",254500,"A"
"Oct 2024-Sep 2025","2025-09","Coventry","E08000026","402721025","T01:25 (Aged 16-64 - Economically active : All People )",197900,"A"
"Oct 2024-Sep 2025","2025-09","Coventry","E08000026","402721281","T01:28 (Aged 16-64 - In employment : All People )",181300,"A"
"Oct 2024-Sep 2025","2025-09","Coventry","E08000026","402722049","T01:37 (Aged 16-64 - Unemployed : All People )",16600,"A"
"Oct 2024-Sep 2025","2025-09","Dudley","E08000027","402720769","T01:22 (Aged 16-64 - All : All People )",192200,"A"
"Oct 2024-Sep 2025","2025-09","Dudley","E08000027","402721025","T01:25 (Aged 16-64 - Economically active : All People )",157100,"A"
"Oct 2024-Sep 2025","2025-09","Dudley","E08000027","402721281","T01:28 (Aged 16-64 - In employment : All People )",147400,"A"
"Oct 2024-Sep 2025","2025-09","Dudley","E08000027","402722049","T01:37 (Aged 16-64 - Unemployed : All People )",9800,"A"
"Oct 2024-Sep 2025","2025-09","Sandwell","E08000028","402720769","T01:22 (Aged 16-64 - All : All People )",208000,"A"
"Oct 2024-Sep 2025","2025-09","Sandwell","E08000028","402721025","T01:25 (Aged 16-64 - Economically active : All People )",149900,"A"
"Oct 2024-Sep 2025","2025-09","Sandwell","E08000028","402721281","T01:28 (Aged 16-64 - In employment : All People )",133500,"A"
"Oct 2024-Sep 2025","2025-09","Sandwell","E08000028","402722049","T01:37 (Aged 16-64 - Unemployed : All People )",16400,"A"
"Oct 2024-Sep 2025","2025-09","Solihull","E08000029","402720769","T01:22 (Aged 16-64 - All : All People )",127800,"A"
"Oct 2024-Sep 2025","2025-09","Solihull","E08000029","402721025","T01:25 (Aged 16-64 - Economically active : All People )",101700,"A"
"Oct 2024-Sep 2025","2025-09","Solihull","E08000029","402721281","T01:28 (Aged 16-64 - In employment : All People )",95900,"A"
"Oct 2024-Sep 2025","2025-09","Solihull","E08000029","402722049","T01:37 (Aged 16-64 - Unemployed : All People )",5900,"A"
"Oct 2024-Sep 2025","2025-09","Walsall","E08000030","402720769","T01:22 (Aged 16-64 - All : All People )",175000,"A"
"Oct 2024-Sep 2025","2025-09","Walsall","E08000030","402721025","T01:25 (Aged 16-64 - Economically active : All People )",128200,"A"
"Oct 2024-Sep 2025","2025-09","Walsall","E08000030","402721281","T01:28 (Aged 16-64 - In employment : All People )",120100,"A"
"Oct 2024-Sep 2025","2025-09","Walsall","E08000030","402722049","T01:37 (Aged 16-64 - Unemployed : All People )",8100,"A"
"Oct 2024-Sep 2025","2025-09","Wolverhampton","E08000031","402720769","T01:22 (Aged 16-64 - All : All People )",165000,"A"
"Oct 2024-Sep 2025","2025-09","Wolverhampton","E08000031","402721025","T01:25 (Aged 16-64 - Economically active : All People )",131800,"A"
"Oct 2024-Sep 2025","2025-09","Wolverhampton","E08000031","402721281","T01:28 (Aged 16-64 - In employment : All People )",127300,"A"
"Oct 2024-Sep 2025","2025-09","Wolverhampton","E08000031","402722049","T01:37 (Aged 16-64 - Unemployed : All People )",,"B"
"Oct 2024-Sep 2025","2025-09","Bromsgrove","E07000234","402720769","T01:22 (Aged 16-64 - All : All People )",60900,"A"
"Oct 2024-Sep 2025","2025-09","Bromsgrove","E07000234","402721025","T01:25 (Aged 16-64 - Economically active : All People )",51100,"A"
"Oct 2024-Sep 2025","2025-09","Bromsgrove","E07000234","402721281","T01:28 (Aged 16-64 - In employment : All People )",50300,"A"
"Oct 2024-Sep 2025","2025-09","Bromsgrove","E07000234","402722049","T01:37 (Aged 16-64 - Unemployed : All People )",,"F"
"Oct 2024-Sep 2025","2025-09","Malvern Hills","E07000235","402720769","T01:22 (Aged 16-64 - All : All People )",44800,"A"
"Oct 2024-Sep 2025","2025-09","Malvern Hills","E07000235","402721025","T01:25 (Aged 16-64 - Economically active : All People )",31700,"A"
"Oct 2024-Sep 2025","2025-09","Malvern Hills","E07000235","402721281","T01:28 (Aged 16-64 - In employment : All People )",31500,"A"
"Oct 2024-Sep 2025","2025-09","Malvern Hills","E07000235","402722049","T01:37 (Aged 16-64 - Unemployed : All People )",,"F"
"Oct 2024-Sep 2025","2025-09","Redditch","E07000236","402720769","T01:22 (Aged 16-64 - All : All People )",50000,"A"
"Oct 2024-Sep 2025","2025-09","Redditch","E07000236","402721025","T01:25 (Aged 16-64 - Economically active : All People )",39900,"A"
"Oct 2024-Sep 2025","2025-09","Redditch","E07000236","402721281","T01:28 (Aged 16-64 - In employment : All People )",37400,"A"
"Oct 2024-Sep 2025","2025-09","Redditch","E07000236","402722049","T01:37 (Aged 16-64 - Unemployed : All People )",,"B"
"Oct 2024-Sep 2025","2025-09","Worcester","E07000237","402720769","T01:22 (Aged 16-64 - All : All People )",66100,"A"
"Oct 2024-Sep 2025","2025-09","Worcester","E07000237","402721025","T01:25 (Aged 16-64 - Economically active : All People )",52000,"A"
"Oct 2024-Sep 2025","2025-09","Worcester","E07000237","402721281","T01:28 (Aged 16-64 - In employment : All People )",50200,"A"
"Oct 2024-Sep 2025","2025-09","Worcester","E07000237","402722049","T01:37 (Aged 16-64 - Unemployed : All People )",,"F"
"Oct 2024-Sep 2025","2025-09","Wychavon","E07000238","402720769","T01:22 (Aged 16-64 - All : All People )",73700,"A"
"Oct 2024-Sep 2025","2025-09","Wychavon","E07000238","402721025","T01:25 (Aged 16-64 - Economically active : All People )",61800,"A"
"Oct 2024-Sep 2025","2025-09","Wychavon","E07000238","402721281","T01:28 (Aged 16-64 - In employment : All People )",59800,"A"
"Oct 2024-Sep 2025","2025-09","Wychavon","E07000238","402722049","T01:37 (Aged 16-64 - Unemployed : All People )",,"B"
"Oct 2024-Sep 2025","2025-09","Wyre Forest","E07000239","402720769","T01:22 (Aged 16-64 - All : All People )",58900,"A"
"Oct 2024-Sep 2025","2025-09","Wyre Forest","E07000239","402721025","T01:25 (Aged 16-64 - Economically active : All People )",48500,"A"
"Oct 2024-Sep 2025","2025-09","Wyre Forest","E07000239","402721281","T01:28 (Aged 16-64 - In employment : All People )",48500,"A"
"Oct 2024-Sep 2025","2025-09","Wyre Forest","E07000239","402722049","T01:37 (Aged 16-64 - Unemployed : All People )",,"F"
"Oct 2024-Sep 2025","2025-09","Bedford","E06000055","402720769","T01:22 (Aged 16-64 - All : All People )",107300,"A"
"Oct 2024-Sep 2025","2025-09","Bedford","E06000055","402721025","T01:25 (Aged 16-64 - Economically active : All People )",90400,"A"
"Oct 2024-Sep 2025","2025-09","Bedford","E06000055","402721281","T01:28 (Aged 16-64 - In employment : All People )",88900,"A"
"Oct 2024-Sep 2025","2025-09","Bedford","E06000055","402722049","T01:37 (Aged 16-64 - Unemployed : All People )",,"B"
"Oct 2024-Sep 2025","2025-09","Central Bedfordshire","E06000056","402720769","T01:22 (Aged 16-64 - All : All People )",184800,"A"
"Oct 2024-Sep 2025","2025-09","Central Bedfordshire","E06000056","402721025","T01:25 (Aged 16-64 - Economically active : All People )",154700,"A"
"Oct 2024-Sep 2025","2025-09","Central Bedfordshire","E06000056","402721281","T01:28 (Aged 16-64 - In employment : All People )",147000,"A"
"Oct 2024-Sep 2025","2025-09","Central Bedfordshire","E06000056","402722049","T01:37 (Aged 16-64 - Unemployed : All People )",7700,"A"
"Oct 2024-Sep 2025","2025-09","Luton","E06000032","402720769","T01:22 (Aged 16-64 - All : All People )",142300,"A"
"Oct 2024-Sep 2025","2025-09","Luton","E06000032","402721025","T01:25 (Aged 16-64 - Economically active : All People )",100500,"A"
"Oct 2024-Sep 2025","2025-09","Luton","E06000032","402721281","T01:28 (Aged 16-64 - In employment : All People )",95400,"A"
"Oct 2024-Sep 2025","2025-09","Luton","E06000032","402722049","T01:37 (Aged 16-64 - Unemployed : All People )",5000,"A"
"Oct 2024-Sep 2025","2025-09","Peterborough","E06000031","402720769","T01:22 (Aged 16-64 - All : All People )",124600,"A"
"Oct 2024-Sep 2025","2025-09","Peterborough","E06000031","402721025","T01:25 (Aged 16-64 - Economically active : All People )",97500,"A"
"Oct 2024-Sep 2025","2025-09","Peterborough","E06000031","402721281","T01:28 (Aged 16-64 - In employment : All People )",94400,"A"
"Oct 2024-Sep 2025","2025-09","Peterborough","E06000031","402722049","T01:37 (Aged 16-64 - Unemployed : All People )",3100,"A"
"Oct 2024-Sep 2025","2025-09","Southend-on-Sea","E06000033","402720769","T01:22 (Aged 16-64 - All : All People )",113200,"A"
"Oct 2024-Sep 2025","2025-09","Southend-on-Sea","E06000033","402721025","T01:25 (Aged 16-64 - Economically active : All People )",97200,"A"
"Oct 2024-Sep 2025","2025-09","Southend-on-Sea","E06000033","402721281","T01:28 (Aged 16-64 - In employment : All People )",93300,"A"
"Oct 2024-Sep 2025","2025-09","Southend-on-Sea","E06000033","402722049","T01:37 (Aged 16-64 - Unemployed : All People )",4000,"A"
"Oct 2024-Sep 2025","2025-09","Thurrock","E06000034","402720769","T01:22 (Aged 16-64 - All : All People )",114300,"A"
"Oct 2024-Sep 2025","2025-09","Thurrock","E06000034","402721025","T01:25 (Aged 16-64 - Economically active : All People )",90600,"A"
"Oct 2024-Sep 2025","2025-09","Thurrock","E06000034","402721281","T01:28 (Aged 16-64 - In employment : All People )",86100,"A"
"Oct 2024-Sep 2025","2025-09","Thurrock","E06000034","402722049","T01:37 (Aged 16-64 - Unemployed : All People )",4400,"A"
"Oct 2024-Sep 2025","2025-09","Cambridge","E07000008","402720769","T01:22 (Aged 16-64 - All : All People )",85000,"A"
"Oct 2024-Sep 2025","2025-09","Cambridge","E07000008","402721025","T01:25 (Aged 16-64 - Economically active : All People )",68000,"A"
"Oct 2024-Sep 2025","2025-09","Cambridge","E07000008","402721281","T01:28 (Aged 16-64 - In employment : All People )",66700,"A"
"Oct 2024-Sep 2025","2025-09","Cambridge","E07000008","402722049","T01:37 (Aged 16-64 - Unemployed : All People )",,"F"
"Oct 2024-Sep 2025","2025-09","East Cambridgeshire","E07000009","402720769","T01:22 (Aged 16-64 - All : All People )",56200,"A"
"Oct 2024-Sep 2025","2025-09","East Cambridgeshire","E07000009","402721025","T01:25 (Aged 16-64 - Economically active : All People )",46700,"A"
"Oct 2024-Sep 2025","2025-09","East Cambridgeshire","E07000009","402721281","T01:28 (Aged 16-64 - In employment : All People )",45400,"A"
"Oct 2024-Sep 2025","2025-09","East Cambridgeshire","E07000009","402722049","T01:37 (Aged 16-64 - Unemployed : All People )",,"B"
"Oct 2024-Sep 2025","2025-09","Fenland","E07000010","402720769","T01:22 (Aged 16-64 - All : All People )",59300,"A"
"Oct 2024-Sep 2025","2025-09","Fenland","E07000010","402721025","T01:25 (Aged 16-64 - Economically active : All People )",47500,"A"
"Oct 2024-Sep 2025","2025-09","Fenland","E07000010","402721281","T01:28 (Aged 16-64 - In employment : All People )",46400,"A"
"Oct 2024-Sep 2025","2025-09","Fenland","E07000010","402722049","T01:37 (Aged 16-64 - Unemployed : All People )",,"F"
"Oct 2024-Sep 2025","2025-09","Huntingdonshire","E07000011","402720769","T01:22 (Aged 16-64 - All : All People )",110200,"A"
"Oct 2024-Sep 2025","2025-09","Huntingdonshire","E07000011","402721025","T01:25 (Aged 16-64 - Economically active : All People )",91000,"A"
"Oct 2024-Sep 2025","2025-09","Huntingdonshire","E07000011","402721281","T01:28 (Aged 16-64 - In employment : All People )",86000,"A"
"Oct 2024-Sep 2025","2025-09","Huntingdonshire","E07000011","402722049","T01:37 (Aged 16-64 - Unemployed : All People )",,"B"
"Oct 2024-Sep 2025","2025-09","South Cambridgeshire","E07000012","402720769","T01:22 (Aged 16-64 - All : All People )",98600,"A"
"Oct 2024-Sep 2025","2025-09","South Cambridgeshire","E07000012","402721025","T01:25 (Aged 16-64 - Economically active : All People )",83200,"A"
"Oct 2024-Sep 2025","2025-09","South Cambridgeshire","E07000012","402721281","T01:28 (Aged 16-64 - In employment : All People )",82300,"A"
"Oct 2024-Sep 2025","2025-09","South Cambridgeshire","E07000012","402722049","T01:37 (Aged 16-64 - Unemployed : All People )",,"B"
"Oct 2024-Sep 2025","2025-09","Basildon","E07000066","402720769","T01:22 (Aged 16-64 - All : All People )",120000,"A"
"Oct 2024-Sep 2025","2025-09","Basildon","E07000066","402721025","T01:25 (Aged 16-64 - Economically active : All People )",99000,"A"
"Oct 2024-Sep 2025","2025-09","Basildon","E07000066","402721281","T01:28 (Aged 16-64 - In employment : All People )",96300,"A"
"Oct 2024-Sep 2025","2025-09","Basildon","E07000066","402722049","T01:37 (Aged 16-64 - Unemployed : All People )",,"B"
"Oct 2024-Sep 2025","2025-09","Braintree","E07000067","402720769","T01:22 (Aged 16-64 - All : All People )",93800,"A"
"Oct 2024-Sep 2025","2025-09","Braintree","E07000067","402721025","T01:25 (Aged 16-64 - Economically active : All People )",76300,"A"
"Oct 2024-Sep 2025","2025-09","Braintree","E07000067","402721281","T01:28 (Aged 16-64 - In employment : All People )",74900,"A"
"Oct 2024-Sep 2025","2025-09","Braintree","E07000067","402722049","T01:37 (Aged 16-64 - Unemployed : All People )",,"F"
"Oct 2024-Sep 2025","2025-09","Brentwood","E07000068","402720769","T01:22 (Aged 16-64 - All : All People )",50000,"A"
"Oct 2024-Sep 2025","2025-09","Brentwood","E07000068","402721025","T01:25 (Aged 16-64 - Economically active : All People )",40200,"A"
"Oct 2024-Sep 2025","2025-09","Brentwood","E07000068","402721281","T01:28 (Aged 16-64 - In employment : All People )",37500,"A"
"Oct 2024-Sep 2025","2025-09","Brentwood","E07000068","402722049","T01:37 (Aged 16-64 - Unemployed : All People )",,"B"
"Oct 2024-Sep 2025","2025-09","Castle Point","E07000069","402720769","T01:22 (Aged 16-64 - All : All People )",53200,"A"
"Oct 2024-Sep 2025","2025-09","Castle Point","E07000069","402721025","T01:25 (Aged 16-64 - Economically active : All People )",43600,"A"
"Oct 2024-Sep 2025","2025-09","Castle Point","E07000069","402721281","T01:28 (Aged 16-64 - In employment : All People )",41100,"A"
"Oct 2024-Sep 2025","2025-09","Castle Point","E07000069","402722049","T01:37 (Aged 16-64 - Unemployed : All People )",,"B"
"Oct 2024-Sep 2025","2025-09","Chelmsford","E07000070","402720769","T01:22 (Aged 16-64 - All : All People )",110000,"A"
"Oct 2024-Sep 2025","2025-09","Chelmsford","E07000070","402721025","T01:25 (Aged 16-64 - Economically active : All People )",88600,"A"
"Oct 2024-Sep 2025","2025-09","Chelmsford","E07000070","402721281","T01:28 (Aged 16-64 - In employment : All People )",86100,"A"
"Oct 2024-Sep 2025","2025-09","Chelmsford","E07000070","402722049","T01:37 (Aged 16-64 - Unemployed : All People )",,"B"
"Oct 2024-Sep 2025","2025-09","Colchester","E07000071","402720769","T01:22 (Aged 16-64 - All : All People )",124600,"A"
"Oct 2024-Sep 2025","2025-09","Colchester","E07000071","402721025","T01:25 (Aged 16-64 - Economically active : All People )",102400,"A"
"Oct 2024-Sep 2025","2025-09","Colchester","E07000071","402721281","T01:28 (Aged 16-64 - In employment : All People )",93700,"A"
"Oct 2024-Sep 2025","2025-09","Colchester","E07000071","402722049","T01:37 (Aged 16-64 - Unemployed : All People )",8700,"A"
"Oct 2024-Sep 2025","2025-09","Epping Forest","E07000072","402720769","T01:22 (Aged 16-64 - All : All People )",82800,"A"
"Oct 2024-Sep 2025","2025-09","Epping Forest","E07000072","402721025","T01:25 (Aged 16-64 - Economically active : All People )",71300,"A"
"Oct 2024-Sep 2025","2025-09","Epping Forest","E07000072","402721281","T01:28 (Aged 16-64 - In employment : All People )",69900,"A"
"Oct 2024-Sep 2025","2025-09","Epping Forest","E07000072","402722049","T01:37 (Aged 16-64 - Unemployed : All People )",,"B"
"Oct 2024-Sep 2025","2025-09","Harlow","E07000073","402720769","T01:22 (Aged 16-64 - All : All People )",55300,"A"
"Oct 2024-Sep 2025","2025-09","Harlow","E07000073","402721025","T01:25 (Aged 16-64 - Economically active : All People )",45400,"A"
"Oct 2024-Sep 2025","2025-09","Harlow","E07000073","402721281","T01:28 (Aged 16-64 - In employment : All People )",42200,"A"
"Oct 2024-Sep 2025","2025-09","Harlow","E07000073","402722049","T01:37 (Aged 16-64 - Unemployed : All People )",,"B"
"Oct 2024-Sep 2025","2025-09","Maldon","E07000074","402720769","T01:22 (Aged 16-64 - All : All People )",36200,"A"
"Oct 2024-Sep 2025","2025-09","Maldon","E07000074","402721025","T01:25 (Aged 16-64 - Economically active : All People )",27800,"A"
"Oct 2024-Sep 2025","2025-09","Maldon","E07000074","402721281","T01:28 (Aged 16-64 - In employment : All People )",27800,"A"
"Oct 2024-Sep 2025","2025-09","Maldon","E07000074","402722049","T01:37 (Aged 16-64 - Unemployed : All People )",,"F"
"Oct 2024-Sep 2025","2025-09","Rochford","E07000075","402720769","T01:22 (Aged 16-64 - All : All People )",51900,"A"
"Oct 2024-Sep 2025","2025-09","Rochford","E07000075","402721025","T01:25 (Aged 16-64 - Economically active : All People )",46200,"A"
"Oct 2024-Sep 2025","2025-09","Rochford","E07000075","402721281","T01:28 (Aged 16-64 - In employment : All People )",45000,"A"
"Oct 2024-Sep 2025","2025-09","Rochford","E07000075","402722049","T01:37 (Aged 16-64 - Unemployed : All People )",,"F"
"Oct 2024-Sep 2025","2025-09","Tendring","E07000076","402720769","T01:22 (Aged 16-64 - All : All People )",78600,"A"
"Oct 2024-Sep 2025","2025-09","Tendring","E07000076","402721025","T01:25 (Aged 16-64 - Economically active : All People )",58300,"A"
"Oct 2024-Sep 2025","2025-09","Tendring","E07000076","402721281","T01:28 (Aged 16-64 - In employment : All People )",55600,"A"
"Oct 2024-Sep 2025","2025-09","Tendring","E07000076","402722049","T01:37 (Aged 16-64 - Unemployed : All People )",,"B"
"Oct 2024-Sep 2025","2025-09","Uttlesford","E07000077","402720769","T01:22 (Aged 16-64 - All : All People )",54700,"A"
"Oct 2024-Sep 2025","2025-09","Uttlesford","E07000077","402721025","T01:25 (Aged 16-64 - Economically active : All People )",45600,"A"
"Oct 2024-Sep 2025","2025-09","Uttlesford","E07000077","402721281","T01:28 (Aged 16-64 - In employment : All People )",43400,"A"
"Oct 2024-Sep 2025","2025-09","Uttlesford","E07000077","402722049","T01:37 (Aged 16-64 - Unemployed : All People )",,"B"
"Oct 2024-Sep 2025","2025-09","Broxbourne","E07000095","402720769","T01:22 (Aged 16-64 - All : All People )",60100,"A"
"Oct 2024-Sep 2025","2025-09","Broxbourne","E07000095","402721025","T01:25 (Aged 16-64 - Economically active : All People )",50200,"A"
"Oct 2024-Sep 2025","2025-09","Broxbourne","E07000095","402721281","T01:28 (Aged 16-64 - In employment : All People )",49300,"A"
"Oct 2024-Sep 2025","2025-09","Broxbourne","E07000095","402722049","T01:37 (Aged 16-64 - Unemployed : All People )",,"F"
"Oct 2024-Sep 2025","2025-09","Dacorum","E07000096","402720769","T01:22 (Aged 16-64 - All : All People )",95000,"A"
"Oct 2024-Sep 2025","2025-09","Dacorum","E07000096","402721025","T01:25 (Aged 16-64 - Economically active : All People )",87100,"A"
"Oct 2024-Sep 2025","2025-09","Dacorum","E07000096","402721281","T01:28 (Aged 16-64 - In employment : All People )",83900,"A"
"Oct 2024-Sep 2025","2025-09","Dacorum","E07000096","402722049","T01:37 (Aged 16-64 - Unemployed : All People )",,"B"
"Oct 2024-Sep 2025","2025-09","East Hertfordshire","E07000242","402720769","T01:22 (Aged 16-64 - All : All People )",95900,"A"
"Oct 2024-Sep 2025","2025-09","East Hertfordshire","E07000242","402721025","T01:25 (Aged 16-64 - Economically active : All People )",84200,"A"
"Oct 2024-Sep 2025","2025-09","East Hertfordshire","E07000242","402721281","T01:28 (Aged 16-64 - In employment : All People )",80600,"A"
"Oct 2024-Sep 2025","2025-09","East Hertfordshire","E07000242","402722049","T01:37 (Aged 16-64 - Unemployed : All People )",,"B"
"Oct 2024-Sep 2025","2025-09","Hertsmere","E07000098","402720769","T01:22 (Aged 16-64 - All : All People )",65900,"A"
"Oct 2024-Sep 2025","2025-09","Hertsmere","E07000098","402721025","T01:25 (Aged 16-64 - Economically active : All People )",47600,"A"
"Oct 2024-Sep 2025","2025-09","Hertsmere","E07000098","402721281","T01:28 (Aged 16-64 - In employment : All People )",44400,"A"
"Oct 2024-Sep 2025","2025-09","Hertsmere","E07000098","402722049","T01:37 (Aged 16-64 - Unemployed : All People )",,"B"
"Oct 2024-Sep 2025","2025-09","North Hertfordshire","E07000099","402720769","T01:22 (Aged 16-64 - All : All People )",84100,"A"
"Oct 2024-Sep 2025","2025-09","North Hertfordshire","E07000099","402721025","T01:25 (Aged 16-64 - Economically active : All People )",70300,"A"
"Oct 2024-Sep 2025","2025-09","North Hertfordshire","E07000099","402721281","T01:28 (Aged 16-64 - In employment : All People )",70300,"A"
"Oct 2024-Sep 2025","2025-09","North Hertfordshire","E07000099","402722049","T01:37 (Aged 16-64 - Unemployed : All People )",,"F"
"Oct 2024-Sep 2025","2025-09","St Albans","E07000240","402720769","T01:22 (Aged 16-64 - All : All People )",93600,"A"
"Oct 2024-Sep 2025","2025-09","St Albans","E07000240","402721025","T01:25 (Aged 16-64 - Economically active : All People )",76400,"A"
"Oct 2024-Sep 2025","2025-09","St Albans","E07000240","402721281","T01:28 (Aged 16-64 - In employment : All People )",72000,"A"
"Oct 2024-Sep 2025","2025-09","St Albans","E07000240","402722049","T01:37 (Aged 16-64 - Unemployed : All People )",,"B"
"Oct 2024-Sep 2025","2025-09","Stevenage","E07000243","402720769","T01:22 (Aged 16-64 - All : All People )",56600,"A"
"Oct 2024-Sep 2025","2025-09","Stevenage","E07000243","402721025","T01:25 (Aged 16-64 - Economically active : All People )",45300,"A"
"Oct 2024-Sep 2025","2025-09","Stevenage","E07000243","402721281","T01:28 (Aged 16-64 - In employment : All People )",42900,"A"
"Oct 2024-Sep 2025","2025-09","Stevenage","E07000243","402722049","T01:37 (Aged 16-64 - Unemployed : All People )",,"B"
"Oct 2024-Sep 2025","2025-09","Three Rivers","E07000102","402720769","T01:22 (Aged 16-64 - All : All People )",58000,"A"
"Oct 2024-Sep 2025","2025-09","Three Rivers","E07000102","402721025","T01:25 (Aged 16-64 - Economically active : All People )",49900,"A"
"Oct 2024-Sep 2025","2025-09","Three Rivers","E07000102","402721281","T01:28 (Aged 16-64 - In employment : All People )",47500,"A"
"Oct 2024-Sep 2025","2025-09","Three Rivers","E07000102","402722049","T01:37 (Aged 16-64 - Unemployed : All People )",,"B"
"Oct 2024-Sep 2025","2025-09","Watford","E07000103","402720769","T01:22 (Aged 16-64 - All : All People )",67800,"A"
"Oct 2024-Sep 2025","2025-09","Watford","E07000103","402721025","T01:25 (Aged 16-64 - Economically active : All People )",54700,"A"
"Oct 2024-Sep 2025","2025-09","Watford","E07000103","402721281","T01:28 (Aged 16-64 - In employment : All People )",53700,"A"
"Oct 2024-Sep 2025","2025-09","Watford","E07000103","402722049","T01:37 (Aged 16-64 - Unemployed : All People )",,"F"
"Oct 2024-Sep 2025","2025-09","Welwyn Hatfield","E07000241","402720769","T01:22 (Aged 16-64 - All : All People )",82500,"A"
"Oct 2024-Sep 2025","2025-09","Welwyn Hatfield","E07000241","402721025","T01:25 (Aged 16-64 - Economically active : All People )",71000,"A"
"Oct 2024-Sep 2025","2025-09","Welwyn Hatfield","E07000241","402721281","T01:28 (Aged 16-64 - In employment : All People )",66400,"A"
"Oct 2024-Sep 2025","2025-09","Welwyn Hatfield","E07000241","402722049","T01:37 (Aged 16-64 - Unemployed : All People )",,"B"
"Oct 2024-Sep 2025","2025-09","Breckland","E07000143","402720769","T01:22 (Aged 16-64 - All : All People )",82600,"A"
"Oct 2024-Sep 2025","2025-09","Breckland","E07000143","402721025","T01:25 (Aged 16-64 - Economically active : All People )",66000,"A"
"Oct 2024-Sep 2025","2025-09","Breckland","E07000143","402721281","T01:28 (Aged 16-64 - In employment : All People )",62800,"A"
"Oct 2024-Sep 2025","2025-09","Breckland","E07000143","402722049","T01:37 (Aged 16-64 - Unemployed : All People )",,"B"
"Oct 2024-Sep 2025","2025-09","Broadland","E07000144","402720769","T01:22 (Aged 16-64 - All : All People )",74300,"A"
"Oct 2024-Sep 2025","2025-09","Broadland","E07000144","402721025","T01:25 (Aged 16-64 - Economically active : All People )",63700,"A"
"Oct 2024-Sep 2025","2025-09","Broadland","E07000144","402721281","T01:28 (Aged 16-64 - In employment : All People )",63000,"A"
"Oct 2024-Sep 2025","2025-09","Broadland","E07000144","402722049","T01:37 (Aged 16-64 - Unemployed : All People )",,"F"
"Oct 2024-Sep 2025","2025-09","Great Yarmouth","E07000145","402720769","T01:22 (Aged 16-64 - All : All People )",57400,"A"
"Oct 2024-Sep 2025","2025-09","Great Yarmouth","E07000145","402721025","T01:25 (Aged 16-64 - Economically active : All People )",43600,"A"
"Oct 2024-Sep 2025","2025-09","Great Yarmouth","E07000145","402721281","T01:28 (Aged 16-64 - In employment : All People )",39500,"A"
"Oct 2024-Sep 2025","2025-09","Great Yarmouth","E07000145","402722049","T01:37 (Aged 16-64 - Unemployed : All People )",,"B"
"Oct 2024-Sep 2025","2025-09","King's Lynn and West Norfolk","E07000146","402720769","T01:22 (Aged 16-64 - All : All People )",86900,"A"
"Oct 2024-Sep 2025","2025-09","King's Lynn and West Norfolk","E07000146","402721025","T01:25 (Aged 16-64 - Economically active : All People )",71200,"A"
"Oct 2024-Sep 2025","2025-09","King's Lynn and West Norfolk","E07000146","402721281","T01:28 (Aged 16-64 - In employment : All People )",68000,"A"
"Oct 2024-Sep 2025","2025-09","King's Lynn and West Norfolk","E07000146","402722049","T01:37 (Aged 16-64 - Unemployed : All People )",,"B"
"Oct 2024-Sep 2025","2025-09","North Norfolk","E07000147","402720769","T01:22 (Aged 16-64 - All : All People )",53600,"A"
"Oct 2024-Sep 2025","2025-09","North Norfolk","E07000147","402721025","T01:25 (Aged 16-64 - Economically active : All People )",40000,"A"
"Oct 2024-Sep 2025","2025-09","North Norfolk","E07000147","402721281","T01:28 (Aged 16-64 - In employment : All People )",37400,"A"
"Oct 2024-Sep 2025","2025-09","North Norfolk","E07000147","402722049","T01:37 (Aged 16-64 - Unemployed : All People )",,"B"
"Oct 2024-Sep 2025","2025-09","Norwich","E07000148","402720769","T01:22 (Aged 16-64 - All : All People )",97300,"A"
"Oct 2024-Sep 2025","2025-09","Norwich","E07000148","402721025","T01:25 (Aged 16-64 - Economically active : All People )",81100,"A"
"Oct 2024-Sep 2025","2025-09","Norwich","E07000148","402721281","T01:28 (Aged 16-64 - In employment : All People )",76200,"A"
"Oct 2024-Sep 2025","2025-09","Norwich","E07000148","402722049","T01:37 (Aged 16-64 - Unemployed : All People )",,"B"
"Oct 2024-Sep 2025","2025-09","South Norfolk","E07000149","402720769","T01:22 (Aged 16-64 - All : All People )",80000,"A"
"Oct 2024-Sep 2025","2025-09","South Norfolk","E07000149","402721025","T01:25 (Aged 16-64 - Economically active : All People )",68400,"A"
"Oct 2024-Sep 2025","2025-09","South Norfolk","E07000149","402721281","T01:28 (Aged 16-64 - In employment : All People )",63800,"A"
"Oct 2024-Sep 2025","2025-09","South Norfolk","E07000149","402722049","T01:37 (Aged 16-64 - Unemployed : All People )",,"B"
"Oct 2024-Sep 2025","2025-09","Babergh","E07000200","402720769","T01:22 (Aged 16-64 - All : All People )",51300,"A"
"Oct 2024-Sep 2025","2025-09","Babergh","E07000200","402721025","T01:25 (Aged 16-64 - Economically active : All People )",39700,"A"
"Oct 2024-Sep 2025","2025-09","Babergh","E07000200","402721281","T01:28 (Aged 16-64 - In employment : All People )",39300,"A"
"Oct 2024-Sep 2025","2025-09","Babergh","E07000200","402722049","T01:37 (Aged 16-64 - Unemployed : All People )",,"F"
"Oct 2024-Sep 2025","2025-09","Ipswich","E07000202","402720769","T01:22 (Aged 16-64 - All : All People )",88900,"A"
"Oct 2024-Sep 2025","2025-09","Ipswich","E07000202","402721025","T01:25 (Aged 16-64 - Economically active : All People )",68900,"A"
"Oct 2024-Sep 2025","2025-09","Ipswich","E07000202","402721281","T01:28 (Aged 16-64 - In employment : All People )",67700,"A"
"Oct 2024-Sep 2025","2025-09","Ipswich","E07000202","402722049","T01:37 (Aged 16-64 - Unemployed : All People )",,"F"
"Oct 2024-Sep 2025","2025-09","East Suffolk","E07000244","402720769","T01:22 (Aged 16-64 - All : All People )",134900,"A"
"Oct 2024-Sep 2025","2025-09","East Suffolk","E07000244","402721025","T01:25 (Aged 16-64 - Economically active : All People )",114800,"A"
"Oct 2024-Sep 2025","2025-09","East Suffolk","E07000244","402721281","T01:28 (Aged 16-64 - In employment : All People )",114100,"A"
"Oct 2024-Sep 2025","2025-09","East Suffolk","E07000244","402722049","T01:37 (Aged 16-64 - Unemployed : All People )",,"F"
"Oct 2024-Sep 2025","2025-09","Mid Suffolk","E07000203","402720769","T01:22 (Aged 16-64 - All : All People )",63100,"A"
"Oct 2024-Sep 2025","2025-09","Mid Suffolk","E07000203","402721025","T01:25 (Aged 16-64 - Economically active : All People )",52800,"A"
"Oct 2024-Sep 2025","2025-09","Mid Suffolk","E07000203","402721281","T01:28 (Aged 16-64 - In employment : All People )",50600,"A"
"Oct 2024-Sep 2025","2025-09","Mid Suffolk","E07000203","402722049","T01:37 (Aged 16-64 - Unemployed : All People )",,"B"
"Oct 2024-Sep 2025","2025-09","West Suffolk","E07000245","402720769","T01:22 (Aged 16-64 - All : All People )",105300,"A"
"Oct 2024-Sep 2025","2025-09","West Suffolk","E07000245","402721025","T01:25 (Aged 16-64 - Economically active : All People )",85200,"A"
"Oct 2024-Sep 2025","2025-09","West Suffolk","E07000245","402721281","T01:28 (Aged 16-64 - In employment : All People )",81200,"A"
"Oct 2024-Sep 2025","2025-09","West Suffolk","E07000245","402722049","T01:37 (Aged 16-64 - Unemployed : All People )",,"B"
"Oct 2024-Sep 2025","2025-09","Camden","E09000007","402720769","T01:22 (Aged 16-64 - All : All People )",191900,"A"
"Oct 2024-Sep 2025","2025-09","Camden","E09000007","402721025","T01:25 (Aged 16-64 - Economically active : All People )",148500,"A"
"Oct 2024-Sep 2025","2025-09","Camden","E09000007","402721281","T01:28 (Aged 16-64 - In employment : All People )",144500,"A"
"Oct 2024-Sep 2025","2025-09","Camden","E09000007","402722049","T01:37 (Aged 16-64 - Unemployed : All People )",,"B"
"Oct 2024-Sep 2025","2025-09","City of London","E09000001","402720769","T01:22 (Aged 16-64 - All : All People )",,"F"
"Oct 2024-Sep 2025","2025-09","City of London","E09000001","402721025","T01:25 (Aged 16-64 - Economically active : All People )",,"F"
"Oct 2024-Sep 2025","2025-09","City of London","E09000001","402721281","T01:28 (Aged 16-64 - In employment : All People )",,"F"
"Oct 2024-Sep 2025","2025-09","City of London","E09000001","402722049","T01:37 (Aged 16-64 - Unemployed : All People )",,"F"
"Oct 2024-Sep 2025","2025-09","Hackney","E09000012","402720769","T01:22 (Aged 16-64 - All : All People )",215200,"A"
"Oct 2024-Sep 2025","2025-09","Hackney","E09000012","402721025","T01:25 (Aged 16-64 - Economically active : All People )",174000,"A"
"Oct 2024-Sep 2025","2025-09","Hackney","E09000012","402721281","T01:28 (Aged 16-64 - In employment : All People )",168500,"A"
"Oct 2024-Sep 2025","2025-09","Hackney","E09000012","402722049","T01:37 (Aged 16-64 - Unemployed : All People )",,"B"
"Oct 2024-Sep 2025","2025-09","Hammersmith and Fulham","E09000013","402720769","T01:22 (Aged 16-64 - All : All People )",126900,"A"
"Oct 2024-Sep 2025","2025-09","Hammersmith and Fulham","E09000013","402721025","T01:25 (Aged 16-64 - Economically active : All People )",94100,"A"
"Oct 2024-Sep 2025","2025-09","Hammersmith and Fulham","E09000013","402721281","T01:28 (Aged 16-64 - In employment : All People )",88700,"A"
"Oct 2024-Sep 2025","2025-09","Hammersmith and Fulham","E09000013","402722049","T01:37 (Aged 16-64 - Unemployed : All People )",5500,"A"
"Oct 2024-Sep 2025","2025-09","Haringey","E09000014","402720769","T01:22 (Aged 16-64 - All : All People )",198000,"A"
"Oct 2024-Sep 2025","2025-09","Haringey","E09000014","402721025","T01:25 (Aged 16-64 - Economically active : All People )",148700,"A"
"Oct 2024-Sep 2025","2025-09","Haringey","E09000014","402721281","T01:28 (Aged 16-64 - In employment : All People )",138500,"A"
"Oct 2024-Sep 2025","2025-09","Haringey","E09000014","402722049","T01:37 (Aged 16-64 - Unemployed : All People )",10200,"A"
"Oct 2024-Sep 2025","2025-09","Islington","E09000019","402720769","T01:22 (Aged 16-64 - All : All People )",182000,"A"
"Oct 2024-Sep 2025","2025-09","Islington","E09000019","402721025","T01:25 (Aged 16-64 - Economically active : All People )",147000,"A"
"Oct 2024-Sep 2025","2025-09","Islington","E09000019","402721281","T01:28 (Aged 16-64 - In employment : All People )",138800,"A"
"Oct 2024-Sep 2025","2025-09","Islington","E09000019","402722049","T01:37 (Aged 16-64 - Unemployed : All People )",,"B"
"Oct 2024-Sep 2025","2025-09","Kensington and Chelsea","E09000020","402720769","T01:22 (Aged 16-64 - All : All People )",105700,"A"
"Oct 2024-Sep 2025","2025-09","Kensington and Chelsea","E09000020","402721025","T01:25 (Aged 16-64 - Economically active : All People )",70100,"A"
"Oct 2024-Sep 2025","2025-09","Kensington and Chelsea","E09000020","402721281","T01:28 (Aged 16-64 - In employment : All People )",64400,"A"
"Oct 2024-Sep 2025","2025-09","Kensington and Chelsea","E09000020","402722049","T01:37 (Aged 16-64 - Unemployed : All People )",,"B"
"Oct 2024-Sep 2025","2025-09","Lambeth","E09000022","402720769","T01:22 (Aged 16-64 - All : All People )",243500,"A"
"Oct 2024-Sep 2025","2025-09","Lambeth","E09000022","402721025","T01:25 (Aged 16-64 - Economically active : All People )",204400,"A"
"Oct 2024-Sep 2025","2025-09","Lambeth","E09000022","402721281","T01:28 (Aged 16-64 - In employment : All People )",193500,"A"
"Oct 2024-Sep 2025","2025-09","Lambeth","E09000022","402722049","T01:37 (Aged 16-64 - Unemployed : All People )",10900,"A"
"Oct 2024-Sep 2025","2025-09","Lewisham","E09000023","402720769","T01:22 (Aged 16-64 - All : All People )",229200,"A"
"Oct 2024-Sep 2025","2025-09","Lewisham","E09000023","402721025","T01:25 (Aged 16-64 - Economically active : All People )",182500,"A"
"Oct 2024-Sep 2025","2025-09","Lewisham","E09000023","402721281","T01:28 (Aged 16-64 - In employment : All People )",169800,"A"
"Oct 2024-Sep 2025","2025-09","Lewisham","E09000023","402722049","T01:37 (Aged 16-64 - Unemployed : All People )",12700,"A"
"Oct 2024-Sep 2025","2025-09","Newham","E09000025","402720769","T01:22 (Aged 16-64 - All : All People )",258300,"A"
"Oct 2024-Sep 2025","2025-09","Newham","E09000025","402721025","T01:25 (Aged 16-64 - Economically active : All People )",187100,"A"
"Oct 2024-Sep 2025","2025-09","Newham","E09000025","402721281","T01:28 (Aged 16-64 - In employment : All People )",172300,"A"
"Oct 2024-Sep 2025","2025-09","Newham","E09000025","402722049","T01:37 (Aged 16-64 - Unemployed : All People )",14700,"A"
"Oct 2024-Sep 2025","2025-09","Southwark","E09000028","402720769","T01:22 (Aged 16-64 - All : All People )",240700,"A"
"Oct 2024-Sep 2025","2025-09","Southwark","E09000028","402721025","T01:25 (Aged 16-64 - Economically active : All People )",185100,"A"
"Oct 2024-Sep 2025","2025-09","Southwark","E09000028","402721281","T01:28 (Aged 16-64 - In employment : All People )",172300,"A"
"Oct 2024-Sep 2025","2025-09","Southwark","E09000028","402722049","T01:37 (Aged 16-64 - Unemployed : All People )",12800,"A"
"Oct 2024-Sep 2025","2025-09","Tower Hamlets","E09000030","402720769","T01:22 (Aged 16-64 - All : All People )",247100,"A"
"Oct 2024-Sep 2025","2025-09","Tower Hamlets","E09000030","402721025","T01:25 (Aged 16-64 - Economically active : All People )",191800,"A"
"Oct 2024-Sep 2025","2025-09","Tower Hamlets","E09000030","402721281","T01:28 (Aged 16-64 - In employment : All People )",179200,"A"
"Oct 2024-Sep 2025","2025-09","Tower Hamlets","E09000030","402722049","T01:37 (Aged 16-64 - Unemployed : All People )",12600,"A"
"Oct 2024-Sep 2025","2025-09","Wandsworth","E09000032","402720769","T01:22 (Aged 16-64 - All : All People )",236900,"A"
"Oct 2024-Sep 2025","2025-09","Wandsworth","E09000032","402721025","T01:25 (Aged 16-64 - Economically active : All People )",203800,"A"
"Oct 2024-Sep 2025","2025-09","Wandsworth","E09000032","402721281","T01:28 (Aged 16-64 - In employment : All People )",198800,"A"
"Oct 2024-Sep 2025","2025-09","Wandsworth","E09000032","402722049","T01:37 (Aged 16-64 - Unemployed : All People )",,"B"
"Oct 2024-Sep 2025","2025-09","Westminster","E09000033","402720769","T01:22 (Aged 16-64 - All : All People )",179400,"A"
"Oct 2024-Sep 2025","2025-09","Westminster","E09000033","402721025","T01:25 (Aged 16-64 - Economically active : All People )",146300,"A"
"Oct 2024-Sep 2025","2025-09","Westminster","E09000033","402721281","T01:28 (Aged 16-64 - In employment : All People )",141900,"A"
"Oct 2024-Sep 2025","2025-09","Westminster","E09000033","402722049","T01:37 (Aged 16-64 - Unemployed : All People )",,"B"
"Oct 2024-Sep 2025","2025-09","Barking and Dagenham","E09000002","402720769","T01:22 (Aged 16-64 - All : All People )",143700,"A"
"Oct 2024-Sep 2025","2025-09","Barking and Dagenham","E09000002","402721025","T01:25 (Aged 16-64 - Economically active : All People )",111400,"A"
"Oct 2024-Sep 2025","2025-09","Barking and Dagenham","E09000002","402721281","T01:28 (Aged 16-64 - In employment : All People )",102500,"A"
"Oct 2024-Sep 2025","2025-09","Barking and Dagenham","E09000002","402722049","T01:37 (Aged 16-64 - Unemployed : All People )",8900,"A"
"Oct 2024-Sep 2025","2025-09","Barnet","E09000003","402720769","T01:22 (Aged 16-64 - All : All People )",261000,"A"
"Oct 2024-Sep 2025","2025-09","Barnet","E09000003","402721025","T01:25 (Aged 16-64 - Economically active : All People )",209700,"A"
"Oct 2024-Sep 2025","2025-09","Barnet","E09000003","402721281","T01:28 (Aged 16-64 - In employment : All People )",192500,"A"
"Oct 2024-Sep 2025","2025-09","Barnet","E09000003","402722049","T01:37 (Aged 16-64 - Unemployed : All People )",17200,"A"
"Oct 2024-Sep 2025","2025-09","Bexley","E09000004","402720769","T01:22 (Aged 16-64 - All : All People )",162500,"A"
"Oct 2024-Sep 2025","2025-09","Bexley","E09000004","402721025","T01:25 (Aged 16-64 - Economically active : All People )",137000,"A"
"Oct 2024-Sep 2025","2025-09","Bexley","E09000004","402721281","T01:28 (Aged 16-64 - In employment : All People )",130500,"A"
"Oct 2024-Sep 2025","2025-09","Bexley","E09000004","402722049","T01:37 (Aged 16-64 - Unemployed : All People )",6500,"A"
"Oct 2024-Sep 2025","2025-09","Brent","E09000005","402720769","T01:22 (Aged 16-64 - All : All People )",226500,"A"
"Oct 2024-Sep 2025","2025-09","Brent","E09000005","402721025","T01:25 (Aged 16-64 - Economically active : All People )",181600,"A"
"Oct 2024-Sep 2025","2025-09","Brent","E09000005","402721281","T01:28 (Aged 16-64 - In employment : All People )",163500,"A"
"Oct 2024-Sep 2025","2025-09","Brent","E09000005","402722049","T01:37 (Aged 16-64 - Unemployed : All People )",18100,"A"
"Oct 2024-Sep 2025","2025-09","Bromley","E09000006","402720769","T01:22 (Aged 16-64 - All : All People )",216700,"A"
"Oct 2024-Sep 2025","2025-09","Bromley","E09000006","402721025","T01:25 (Aged 16-64 - Economically active : All People )",180500,"A"
"Oct 2024-Sep 2025","2025-09","Bromley","E09000006","402721281","T01:28 (Aged 16-64 - In employment : All People )",174400,"A"
"Oct 2024-Sep 2025","2025-09","Bromley","E09000006","402722049","T01:37 (Aged 16-64 - Unemployed : All People )",,"B"
"Oct 2024-Sep 2025","2025-09","Croydon","E09000008","402720769","T01:22 (Aged 16-64 - All : All People )",255600,"A"
"Oct 2024-Sep 2025","2025-09","Croydon","E09000008","402721025","T01:25 (Aged 16-64 - Economically active : All People )",201400,"A"
"Oct 2024-Sep 2025","2025-09","Croydon","E09000008","402721281","T01:28 (Aged 16-64 - In employment : All People )",191200,"A"
"Oct 2024-Sep 2025","2025-09","Croydon","E09000008","402722049","T01:37 (Aged 16-64 - Unemployed : All People )",,"B"
"Oct 2024-Sep 2025","2025-09","Ealing","E09000009","402720769","T01:22 (Aged 16-64 - All : All People )",223900,"A"
"Oct 2024-Sep 2025","2025-09","Ealing","E09000009","402721025","T01:25 (Aged 16-64 - Economically active : All People )",185200,"A"
"Oct 2024-Sep 2025","2025-09","Ealing","E09000009","402721281","T01:28 (Aged 16-64 - In employment : All People )",173600,"A"
"Oct 2024-Sep 2025","2025-09","Ealing","E09000009","402722049","T01:37 (Aged 16-64 - Unemployed : All People )",11600,"A"
"Oct 2024-Sep 2025","2025-09","Enfield","E09000010","402720769","T01:22 (Aged 16-64 - All : All People )",226300,"A"
"Oct 2024-Sep 2025","2025-09","Enfield","E09000010","402721025","T01:25 (Aged 16-64 - Economically active : All People )",181500,"A"
"Oct 2024-Sep 2025","2025-09","Enfield","E09000010","402721281","T01:28 (Aged 16-64 - In employment : All People )",168700,"A"
"Oct 2024-Sep 2025","2025-09","Enfield","E09000010","402722049","T01:37 (Aged 16-64 - Unemployed : All People )",,"B"
"Oct 2024-Sep 2025","2025-09","Greenwich","E09000011","402720769","T01:22 (Aged 16-64 - All : All People )",201000,"A"
"Oct 2024-Sep 2025","2025-09","Greenwich","E09000011","402721025","T01:25 (Aged 16-64 - Economically active : All People )",153800,"A"
"Oct 2024-Sep 2025","2025-09","Greenwich","E09000011","402721281","T01:28 (Aged 16-64 - In employment : All People )",146800,"A"
"Oct 2024-Sep 2025","2025-09","Greenwich","E09000011","402722049","T01:37 (Aged 16-64 - Unemployed : All People )",,"B"
"Oct 2024-Sep 2025","2025-09","Harrow","E09000015","402720769","T01:22 (Aged 16-64 - All : All People )",157500,"A"
"Oct 2024-Sep 2025","2025-09","Harrow","E09000015","402721025","T01:25 (Aged 16-64 - Economically active : All People )",121000,"A"
"Oct 2024-Sep 2025","2025-09","Harrow","E09000015","402721281","T01:28 (Aged 16-64 - In employment : All People )",116800,"A"
"Oct 2024-Sep 2025","2025-09","Harrow","E09000015","402722049","T01:37 (Aged 16-64 - Unemployed : All People )",,"B"
"Oct 2024-Sep 2025","2025-09","Havering","E09000016","402720769","T01:22 (Aged 16-64 - All : All People )",164300,"A"
"Oct 2024-Sep 2025","2025-09","Havering","E09000016","402721025","T01:25 (Aged 16-64 - Economically active : All People )",135400,"A"
"Oct 2024-Sep 2025","2025-09","Havering","E09000016","402721281","T01:28 (Aged 16-64 - In employment : All People )",130600,"A"
"Oct 2024-Sep 2025","2025-09","Havering","E09000016","402722049","T01:37 (Aged 16-64 - Unemployed : All People )",4900,"A"
"Oct 2024-Sep 2025","2025-09","Hillingdon","E09000017","402720769","T01:22 (Aged 16-64 - All : All People )",211500,"A"
"Oct 2024-Sep 2025","2025-09","Hillingdon","E09000017","402721025","T01:25 (Aged 16-64 - Economically active : All People )",162600,"A"
"Oct 2024-Sep 2025","2025-09","Hillingdon","E09000017","402721281","T01:28 (Aged 16-64 - In employment : All People )",155300,"A"
"Oct 2024-Sep 2025","2025-09","Hillingdon","E09000017","402722049","T01:37 (Aged 16-64 - Unemployed : All People )",,"B"
"Oct 2024-Sep 2025","2025-09","Hounslow","E09000018","402720769","T01:22 (Aged 16-64 - All : All People )",183500,"A"
"Oct 2024-Sep 2025","2025-09","Hounslow","E09000018","402721025","T01:25 (Aged 16-64 - Economically active : All People )",145100,"A"
"Oct 2024-Sep 2025","2025-09","Hounslow","E09000018","402721281","T01:28 (Aged 16-64 - In employment : All People )",137200,"A"
"Oct 2024-Sep 2025","2025-09","Hounslow","E09000018","402722049","T01:37 (Aged 16-64 - Unemployed : All People )",,"B"
"Oct 2024-Sep 2025","2025-09","Kingston upon Thames","E09000021","402720769","T01:22 (Aged 16-64 - All : All People )",123600,"A"
"Oct 2024-Sep 2025","2025-09","Kingston upon Thames","E09000021","402721025","T01:25 (Aged 16-64 - Economically active : All People )",105700,"A"
"Oct 2024-Sep 2025","2025-09","Kingston upon Thames","E09000021","402721281","T01:28 (Aged 16-64 - In employment : All People )",101300,"A"
"Oct 2024-Sep 2025","2025-09","Kingston upon Thames","E09000021","402722049","T01:37 (Aged 16-64 - Unemployed : All People )",4400,"A"
"Oct 2024-Sep 2025","2025-09","Merton","E09000024","402720769","T01:22 (Aged 16-64 - All : All People )",141800,"A"
"Oct 2024-Sep 2025","2025-09","Merton","E09000024","402721025","T01:25 (Aged 16-64 - Economically active : All People )",118300,"A"
"Oct 2024-Sep 2025","2025-09","Merton","E09000024","402721281","T01:28 (Aged 16-64 - In employment : All People )",114000,"A"
"Oct 2024-Sep 2025","2025-09","Merton","E09000024","402722049","T01:37 (Aged 16-64 - Unemployed : All People )",4300,"A"
"Oct 2024-Sep 2025","2025-09","Redbridge","E09000026","402720769","T01:22 (Aged 16-64 - All : All People )",207000,"A"
"Oct 2024-Sep 2025","2025-09","Redbridge","E09000026","402721025","T01:25 (Aged 16-64 - Economically active : All People )",161200,"A"
"Oct 2024-Sep 2025","2025-09","Redbridge","E09000026","402721281","T01:28 (Aged 16-64 - In employment : All People )",148800,"A"
"Oct 2024-Sep 2025","2025-09","Redbridge","E09000026","402722049","T01:37 (Aged 16-64 - Unemployed : All People )",12400,"A"
"Oct 2024-Sep 2025","2025-09","Richmond upon Thames","E09000027","402720769","T01:22 (Aged 16-64 - All : All People )",129700,"A"
"Oct 2024-Sep 2025","2025-09","Richmond upon Thames","E09000027","402721025","T01:25 (Aged 16-64 - Economically active : All People )",101700,"A"
"Oct 2024-Sep 2025","2025-09","Richmond upon Thames","E09000027","402721281","T01:28 (Aged 16-64 - In employment : All People )",95600,"A"
"Oct 2024-Sep 2025","2025-09","Richmond upon Thames","E09000027","402722049","T01:37 (Aged 16-64 - Unemployed : All People )",6000,"A"
"Oct 2024-Sep 2025","2025-09","Sutton","E09000029","402720769","T01:22 (Aged 16-64 - All : All People )",136100,"A"
"Oct 2024-Sep 2025","2025-09","Sutton","E09000029","402721025","T01:25 (Aged 16-64 - Economically active : All People )",107500,"A"
"Oct 2024-Sep 2025","2025-09","Sutton","E09000029","402721281","T01:28 (Aged 16-64 - In employment : All People )",101100,"A"
"Oct 2024-Sep 2025","2025-09","Sutton","E09000029","402722049","T01:37 (Aged 16-64 - Unemployed : All People )",6500,"A"
"Oct 2024-Sep 2025","2025-09","Waltham Forest","E09000031","402720769","T01:22 (Aged 16-64 - All : All People )",193200,"A"
"Oct 2024-Sep 2025","2025-09","Waltham Forest","E09000031","402721025","T01:25 (Aged 16-64 - Economically active : All People )",158400,"A"
"Oct 2024-Sep 2025","2025-09","Waltham Forest","E09000031","402721281","T01:28 (Aged 16-64 - In employment : All People )",146900,"A"
"Oct 2024-Sep 2025","2025-09","Waltham Forest","E09000031","402722049","T01:37 (Aged 16-64 - Unemployed : All People )",11500,"A"
"Oct 2024-Sep 2025","2025-09","Bracknell Forest","E06000036","402720769","T01:22 (Aged 16-64 - All : All People )",77800,"A"
"Oct 2024-Sep 2025","2025-09","Bracknell Forest","E06000036","402721025","T01:25 (Aged 16-64 - Economically active : All People )",66600,"A"
"Oct 2024-Sep 2025","2025-09","Bracknell Forest","E06000036","402721281","T01:28 (Aged 16-64 - In employment : All People )",65100,"A"
"Oct 2024-Sep 2025","2025-09","Bracknell Forest","E06000036","402722049","T01:37 (Aged 16-64 - Unemployed : All People )",1500,"A"
"Oct 2024-Sep 2025","2025-09","Brighton and Hove","E06000043","402720769","T01:22 (Aged 16-64 - All : All People )",207900,"A"
"Oct 2024-Sep 2025","2025-09","Brighton and Hove","E06000043","402721025","T01:25 (Aged 16-64 - Economically active : All People )",171500,"A"
"Oct 2024-Sep 2025","2025-09","Brighton and Hove","E06000043","402721281","T01:28 (Aged 16-64 - In employment : All People )",156900,"A"
"Oct 2024-Sep 2025","2025-09","Brighton and Hove","E06000043","402722049","T01:37 (Aged 16-64 - Unemployed : All People )",14600,"A"
"Oct 2024-Sep 2025","2025-09","Isle of Wight","E06000046","402720769","T01:22 (Aged 16-64 - All : All People )",77600,"A"
"Oct 2024-Sep 2025","2025-09","Isle of Wight","E06000046","402721025","T01:25 (Aged 16-64 - Economically active : All People )",59800,"A"
"Oct 2024-Sep 2025","2025-09","Isle of Wight","E06000046","402721281","T01:28 (Aged 16-64 - In employment : All People )",57700,"A"
"Oct 2024-Sep 2025","2025-09","Isle of Wight","E06000046","402722049","T01:37 (Aged 16-64 - Unemployed : All People )",2200,"A"
"Oct 2024-Sep 2025","2025-09","Medway","E06000035","402720769","T01:22 (Aged 16-64 - All : All People )",181000,"A"
"Oct 2024-Sep 2025","2025-09","Medway","E06000035","402721025","T01:25 (Aged 16-64 - Economically active : All People )",153400,"A"
"Oct 2024-Sep 2025","2025-09","Medway","E06000035","402721281","T01:28 (Aged 16-64 - In employment : All People )",145400,"A"
"Oct 2024-Sep 2025","2025-09","Medway","E06000035","402722049","T01:37 (Aged 16-64 - Unemployed : All People )",8000,"A"
"Oct 2024-Sep 2025","2025-09","Milton Keynes","E06000042","402720769","T01:22 (Aged 16-64 - All : All People )",176600,"A"
"Oct 2024-Sep 2025","2025-09","Milton Keynes","E06000042","402721025","T01:25 (Aged 16-64 - Economically active : All People )",148400,"A"
"Oct 2024-Sep 2025","2025-09","Milton Keynes","E06000042","402721281","T01:28 (Aged 16-64 - In employment : All People )",140600,"A"
"Oct 2024-Sep 2025","2025-09","Milton Keynes","E06000042","402722049","T01:37 (Aged 16-64 - Unemployed : All People )",7800,"A"
"Oct 2024-Sep 2025","2025-09","Portsmouth","E06000044","402720769","T01:22 (Aged 16-64 - All : All People )",145000,"A"
"Oct 2024-Sep 2025","2025-09","Portsmouth","E06000044","402721025","T01:25 (Aged 16-64 - Economically active : All People )",118900,"A"
"Oct 2024-Sep 2025","2025-09","Portsmouth","E06000044","402721281","T01:28 (Aged 16-64 - In employment : All People )",111700,"A"
"Oct 2024-Sep 2025","2025-09","Portsmouth","E06000044","402722049","T01:37 (Aged 16-64 - Unemployed : All People )",7200,"A"
"Oct 2024-Sep 2025","2025-09","Reading","E06000038","402720769","T01:22 (Aged 16-64 - All : All People )",112300,"A"
"Oct 2024-Sep 2025","2025-09","Reading","E06000038","402721025","T01:25 (Aged 16-64 - Economically active : All People )",96600,"A"
"Oct 2024-Sep 2025","2025-09","Reading","E06000038","402721281","T01:28 (Aged 16-64 - In employment : All People )",94200,"A"
"Oct 2024-Sep 2025","2025-09","Reading","E06000038","402722049","T01:37 (Aged 16-64 - Unemployed : All People )",,"B"
"Oct 2024-Sep 2025","2025-09","Slough","E06000039","402720769","T01:22 (Aged 16-64 - All : All People )",98400,"A"
"Oct 2024-Sep 2025","2025-09","Slough","E06000039","402721025","T01:25 (Aged 16-64 - Economically active : All People )",78200,"A"
"Oct 2024-Sep 2025","2025-09","Slough","E06000039","402721281","T01:28 (Aged 16-64 - In employment : All People )",74200,"A"
"Oct 2024-Sep 2025","2025-09","Slough","E06000039","402722049","T01:37 (Aged 16-64 - Unemployed : All People )",4000,"A"
"Oct 2024-Sep 2025","2025-09","Southampton","E06000045","402720769","T01:22 (Aged 16-64 - All : All People )",174900,"A"
"Oct 2024-Sep 2025","2025-09","Southampton","E06000045","402721025","T01:25 (Aged 16-64 - Economically active : All People )",131300,"A"
"Oct 2024-Sep 2025","2025-09","Southampton","E06000045","402721281","T01:28 (Aged 16-64 - In employment : All People )",127300,"A"
"Oct 2024-Sep 2025","2025-09","Southampton","E06000045","402722049","T01:37 (Aged 16-64 - Unemployed : All People )",4000,"A"
"Oct 2024-Sep 2025","2025-09","West Berkshire","E06000037","402720769","T01:22 (Aged 16-64 - All : All People )",97000,"A"
"Oct 2024-Sep 2025","2025-09","West Berkshire","E06000037","402721025","T01:25 (Aged 16-64 - Economically active : All People )",80600,"A"
"Oct 2024-Sep 2025","2025-09","West Berkshire","E06000037","402721281","T01:28 (Aged 16-64 - In employment : All People )",78500,"A"
"Oct 2024-Sep 2025","2025-09","West Berkshire","E06000037","402722049","T01:37 (Aged 16-64 - Unemployed : All People )",,"B"
"Oct 2024-Sep 2025","2025-09","Windsor and Maidenhead","E06000040","402720769","T01:22 (Aged 16-64 - All : All People )",91300,"A"
"Oct 2024-Sep 2025","2025-09","Windsor and Maidenhead","E06000040","402721025","T01:25 (Aged 16-64 - Economically active : All People )",76100,"A"
"Oct 2024-Sep 2025","2025-09","Windsor and Maidenhead","E06000040","402721281","T01:28 (Aged 16-64 - In employment : All People )",72400,"A"
"Oct 2024-Sep 2025","2025-09","Windsor and Maidenhead","E06000040","402722049","T01:37 (Aged 16-64 - Unemployed : All People )",3700,"A"
"Oct 2024-Sep 2025","2025-09","Wokingham","E06000041","402720769","T01:22 (Aged 16-64 - All : All People )",103100,"A"
"Oct 2024-Sep 2025","2025-09","Wokingham","E06000041","402721025","T01:25 (Aged 16-64 - Economically active : All People )",85200,"A"
"Oct 2024-Sep 2025","2025-09","Wokingham","E06000041","402721281","T01:28 (Aged 16-64 - In employment : All People )",79700,"A"
"Oct 2024-Sep 2025","2025-09","Wokingham","E06000041","402722049","T01:37 (Aged 16-64 - Unemployed : All People )",5400,"A"
"Oct 2024-Sep 2025","2025-09","Aylesbury Vale","E07000004","402720769","T01:22 (Aged 16-64 - All : All People )",124300,"A"
"Oct 2024-Sep 2025","2025-09","Aylesbury Vale","E07000004","402721025","T01:25 (Aged 16-64 - Economically active : All People )",105000,"A"
"Oct 2024-Sep 2025","2025-09","Aylesbury Vale","E07000004","402721281","T01:28 (Aged 16-64 - In employment : All People )",101300,"A"
"Oct 2024-Sep 2025","2025-09","Aylesbury Vale","E07000004","402722049","T01:37 (Aged 16-64 - Unemployed : All People )",3700,"A"
"Oct 2024-Sep 2025","2025-09","Chiltern","E07000005","402720769","T01:22 (Aged 16-64 - All : All People )",57700,"A"
"Oct 2024-Sep 2025","2025-09","Chiltern","E07000005","402721025","T01:25 (Aged 16-64 - Economically active : All People )",46400,"A"
"Oct 2024-Sep 2025","2025-09","Chiltern","E07000005","402721281","T01:28 (Aged 16-64 - In employment : All People )",45500,"A"
"Oct 2024-Sep 2025","2025-09","Chiltern","E07000005","402722049","T01:37 (Aged 16-64 - Unemployed : All People )",,"B"
"Oct 2024-Sep 2025","2025-09","South Bucks","E07000006","402720769","T01:22 (Aged 16-64 - All : All People )",42600,"A"
"Oct 2024-Sep 2025","2025-09","South Bucks","E07000006","402721025","T01:25 (Aged 16-64 - Economically active : All People )",35400,"A"
"Oct 2024-Sep 2025","2025-09","South Bucks","E07000006","402721281","T01:28 (Aged 16-64 - In employment : All People )",34800,"A"
"Oct 2024-Sep 2025","2025-09","South Bucks","E07000006","402722049","T01:37 (Aged 16-64 - Unemployed : All People )",,"F"
"Oct 2024-Sep 2025","2025-09","Wycombe","E07000007","402720769","T01:22 (Aged 16-64 - All : All People )",106200,"A"
"Oct 2024-Sep 2025","2025-09","Wycombe","E07000007","402721025","T01:25 (Aged 16-64 - Economically active : All People )",91400,"A"
"Oct 2024-Sep 2025","2025-09","Wycombe","E07000007","402721281","T01:28 (Aged 16-64 - In employment : All People )",90100,"A"
"Oct 2024-Sep 2025","2025-09","Wycombe","E07000007","402722049","T01:37 (Aged 16-64 - Unemployed : All People )",,"B"
"Oct 2024-Sep 2025","2025-09","Eastbourne","E07000061","402720769","T01:22 (Aged 16-64 - All : All People )",61900,"A"
"Oct 2024-Sep 2025","2025-09","Eastbourne","E07000061","402721025","T01:25 (Aged 16-64 - Economically active : All People )",46600,"A"
"Oct 2024-Sep 2025","2025-09","Eastbourne","E07000061","402721281","T01:28 (Aged 16-64 - In employment : All People )",44100,"A"
"Oct 2024-Sep 2025","2025-09","Eastbourne","E07000061","402722049","T01:37 (Aged 16-64 - Unemployed : All People )",,"B"
"Oct 2024-Sep 2025","2025-09","Hastings","E07000062","402720769","T01:22 (Aged 16-64 - All : All People )",57000,"A"
"Oct 2024-Sep 2025","2025-09","Hastings","E07000062","402721025","T01:25 (Aged 16-64 - Economically active : All People )",42100,"A"
"Oct 2024-Sep 2025","2025-09","Hastings","E07000062","402721281","T01:28 (Aged 16-64 - In employment : All People )",39200,"A"
"Oct 2024-Sep 2025","2025-09","Hastings","E07000062","402722049","T01:37 (Aged 16-64 - Unemployed : All People )",,"B"
"Oct 2024-Sep 2025","2025-09","Lewes","E07000063","402720769","T01:22 (Aged 16-64 - All : All People )",59100,"A"
"Oct 2024-Sep 2025","2025-09","Lewes","E07000063","402721025","T01:25 (Aged 16-64 - Economically active : All People )",49900,"A"
"Oct 2024-Sep 2025","2025-09","Lewes","E07000063","402721281","T01:28 (Aged 16-64 - In employment : All People )",48200,"A"
"Oct 2024-Sep 2025","2025-09","Lewes","E07000063","402722049","T01:37 (Aged 16-64 - Unemployed : All People )",,"B"
"Oct 2024-Sep 2025","2025-09","Rother","E07000064","402720769","T01:22 (Aged 16-64 - All : All People )",55200,"A"
"Oct 2024-Sep 2025","2025-09","Rother","E07000064","402721025","T01:25 (Aged 16-64 - Economically active : All People )",42300,"A"
"Oct 2024-Sep 2025","2025-09","Rother","E07000064","402721281","T01:28 (Aged 16-64 - In employment : All People )",41800,"A"
"Oct 2024-Sep 2025","2025-09","Rother","E07000064","402722049","T01:37 (Aged 16-64 - Unemployed : All People )",,"F"
"Oct 2024-Sep 2025","2025-09","Wealden","E07000065","402720769","T01:22 (Aged 16-64 - All : All People )",92200,"A"
"Oct 2024-Sep 2025","2025-09","Wealden","E07000065","402721025","T01:25 (Aged 16-64 - Economically active : All People )",75100,"A"
"Oct 2024-Sep 2025","2025-09","Wealden","E07000065","402721281","T01:28 (Aged 16-64 - In employment : All People )",72700,"A"
"Oct 2024-Sep 2025","2025-09","Wealden","E07000065","402722049","T01:37 (Aged 16-64 - Unemployed : All People )",,"B"
"Oct 2024-Sep 2025","2025-09","Basingstoke and Deane","E07000084","402720769","T01:22 (Aged 16-64 - All : All People )",112600,"A"
"Oct 2024-Sep 2025","2025-09","Basingstoke and Deane","E07000084","402721025","T01:25 (Aged 16-64 - Economically active : All People )",94700,"A"
"Oct 2024-Sep 2025","2025-09","Basingstoke and Deane","E07000084","402721281","T01:28 (Aged 16-64 - In employment : All People )",91100,"A"
"Oct 2024-Sep 2025","2025-09","Basingstoke and Deane","E07000084","402722049","T01:37 (Aged 16-64 - Unemployed : All People )",,"B"
"Oct 2024-Sep 2025","2025-09","East Hampshire","E07000085","402720769","T01:22 (Aged 16-64 - All : All People )",70900,"A"
"Oct 2024-Sep 2025","2025-09","East Hampshire","E07000085","402721025","T01:25 (Aged 16-64 - Economically active : All People )",57600,"A"
"Oct 2024-Sep 2025","2025-09","East Hampshire","E07000085","402721281","T01:28 (Aged 16-64 - In employment : All People )",52300,"A"
"Oct 2024-Sep 2025","2025-09","East Hampshire","E07000085","402722049","T01:37 (Aged 16-64 - Unemployed : All People )",,"B"
"Oct 2024-Sep 2025","2025-09","Eastleigh","E07000086","402720769","T01:22 (Aged 16-64 - All : All People )",79700,"A"
"Oct 2024-Sep 2025","2025-09","Eastleigh","E07000086","402721025","T01:25 (Aged 16-64 - Economically active : All People )",71000,"A"
"Oct 2024-Sep 2025","2025-09","Eastleigh","E07000086","402721281","T01:28 (Aged 16-64 - In employment : All People )",69900,"A"
"Oct 2024-Sep 2025","2025-09","Eastleigh","E07000086","402722049","T01:37 (Aged 16-64 - Unemployed : All People )",,"F"
"Oct 2024-Sep 2025","2025-09","Fareham","E07000087","402720769","T01:22 (Aged 16-64 - All : All People )",70800,"A"
"Oct 2024-Sep 2025","2025-09","Fareham","E07000087","402721025","T01:25 (Aged 16-64 - Economically active : All People )",63300,"A"
"Oct 2024-Sep 2025","2025-09","Fareham","E07000087","402721281","T01:28 (Aged 16-64 - In employment : All People )",63300,"A"
"Oct 2024-Sep 2025","2025-09","Fareham","E07000087","402722049","T01:37 (Aged 16-64 - Unemployed : All People )",,"F"
"Oct 2024-Sep 2025","2025-09","Gosport","E07000088","402720769","T01:22 (Aged 16-64 - All : All People )",53700,"A"
"Oct 2024-Sep 2025","2025-09","Gosport","E07000088","402721025","T01:25 (Aged 16-64 - Economically active : All People )",40900,"A"
"Oct 2024-Sep 2025","2025-09","Gosport","E07000088","402721281","T01:28 (Aged 16-64 - In employment : All People )",38900,"A"
"Oct 2024-Sep 2025","2025-09","Gosport","E07000088","402722049","T01:37 (Aged 16-64 - Unemployed : All People )",,"B"
"Oct 2024-Sep 2025","2025-09","Hart","E07000089","402720769","T01:22 (Aged 16-64 - All : All People )",56500,"A"
"Oct 2024-Sep 2025","2025-09","Hart","E07000089","402721025","T01:25 (Aged 16-64 - Economically active : All People )",47300,"A"
"Oct 2024-Sep 2025","2025-09","Hart","E07000089","402721281","T01:28 (Aged 16-64 - In employment : All People )",45400,"A"
"Oct 2024-Sep 2025","2025-09","Hart","E07000089","402722049","T01:37 (Aged 16-64 - Unemployed : All People )",,"B"
"Oct 2024-Sep 2025","2025-09","Havant","E07000090","402720769","T01:22 (Aged 16-64 - All : All People )",72800,"A"
"Oct 2024-Sep 2025","2025-09","Havant","E07000090","402721025","T01:25 (Aged 16-64 - Economically active : All People )",56500,"A"
"Oct 2024-Sep 2025","2025-09","Havant","E07000090","402721281","T01:28 (Aged 16-64 - In employment : All People )",53700,"A"
"Oct 2024-Sep 2025","2025-09","Havant","E07000090","402722049","T01:37 (Aged 16-64 - Unemployed : All People )",,"B"
"Oct 2024-Sep 2025","2025-09","New Forest","E07000091","402720769","T01:22 (Aged 16-64 - All : All People )",99500,"A"
"Oct 2024-Sep 2025","2025-09","New Forest","E07000091","402721025","T01:25 (Aged 16-64 - Economically active : All People )",81300,"A"
"Oct 2024-Sep 2025","2025-09","New Forest","E07000091","402721281","T01:28 (Aged 16-64 - In employment : All People )",79700,"A"
"Oct 2024-Sep 2025","2025-09","New Forest","E07000091","402722049","T01:37 (Aged 16-64 - Unemployed : All People )",,"B"
"Oct 2024-Sep 2025","2025-09","Rushmoor","E07000092","402720769","T01:22 (Aged 16-64 - All : All People )",62500,"A"
"Oct 2024-Sep 2025","2025-09","Rushmoor","E07000092","402721025","T01:25 (Aged 16-64 - Economically active : All People )",53100,"A"
"Oct 2024-Sep 2025","2025-09","Rushmoor","E07000092","402721281","T01:28 (Aged 16-64 - In employment : All People )",52600,"A"
"Oct 2024-Sep 2025","2025-09","Rushmoor","E07000092","402722049","T01:37 (Aged 16-64 - Unemployed : All People )",,"F"
"Oct 2024-Sep 2025","2025-09","Test Valley","E07000093","402720769","T01:22 (Aged 16-64 - All : All People )",76000,"A"
"Oct 2024-Sep 2025","2025-09","Test Valley","E07000093","402721025","T01:25 (Aged 16-64 - Economically active : All People )",55500,"A"
"Oct 2024-Sep 2025","2025-09","Test Valley","E07000093","402721281","T01:28 (Aged 16-64 - In employment : All People )",54200,"A"
"Oct 2024-Sep 2025","2025-09","Test Valley","E07000093","402722049","T01:37 (Aged 16-64 - Unemployed : All People )",,"F"
"Oct 2024-Sep 2025","2025-09","Winchester","E07000094","402720769","T01:22 (Aged 16-64 - All : All People )",77300,"A"
"Oct 2024-Sep 2025","2025-09","Winchester","E07000094","402721025","T01:25 (Aged 16-64 - Economically active : All People )",59100,"A"
"Oct 2024-Sep 2025","2025-09","Winchester","E07000094","402721281","T01:28 (Aged 16-64 - In employment : All People )",58500,"A"
"Oct 2024-Sep 2025","2025-09","Winchester","E07000094","402722049","T01:37 (Aged 16-64 - Unemployed : All People )",,"F"
"Oct 2024-Sep 2025","2025-09","Ashford","E07000105","402720769","T01:22 (Aged 16-64 - All : All People )",77200,"A"
"Oct 2024-Sep 2025","2025-09","Ashford","E07000105","402721025","T01:25 (Aged 16-64 - Economically active : All People )",61500,"A"
"Oct 2024-Sep 2025","2025-09","Ashford","E07000105","402721281","T01:28 (Aged 16-64 - In employment : All People )",60200,"A"
"Oct 2024-Sep 2025","2025-09","Ashford","E07000105","402722049","T01:37 (Aged 16-64 - Unemployed : All People )",,"B"
"Oct 2024-Sep 2025","2025-09","Canterbury","E07000106","402720769","T01:22 (Aged 16-64 - All : All People )",107700,"A"
"Oct 2024-Sep 2025","2025-09","Canterbury","E07000106","402721025","T01:25 (Aged 16-64 - Economically active : All People )",74100,"A"
"Oct 2024-Sep 2025","2025-09","Canterbury","E07000106","402721281","T01:28 (Aged 16-64 - In employment : All People )",72200,"A"
"Oct 2024-Sep 2025","2025-09","Canterbury","E07000106","402722049","T01:37 (Aged 16-64 - Unemployed : All People )",,"B"
"Oct 2024-Sep 2025","2025-09","Dartford","E07000107","402720769","T01:22 (Aged 16-64 - All : All People )",69800,"A"
"Oct 2024-Sep 2025","2025-09","Dartford","E07000107","402721025","T01:25 (Aged 16-64 - Economically active : All People )",60400,"A"
"Oct 2024-Sep 2025","2025-09","Dartford","E07000107","402721281","T01:28 (Aged 16-64 - In employment : All People )",57000,"A"
"Oct 2024-Sep 2025","2025-09","Dartford","E07000107","402722049","T01:37 (Aged 16-64 - Unemployed : All People )",,"B"
"Oct 2024-Sep 2025","2025-09","Dover","E07000108","402720769","T01:22 (Aged 16-64 - All : All People )",68400,"A"
"Oct 2024-Sep 2025","2025-09","Dover","E07000108","402721025","T01:25 (Aged 16-64 - Economically active : All People )",51000,"A"
"Oct 2024-Sep 2025","2025-09","Dover","E07000108","402721281","T01:28 (Aged 16-64 - In employment : All People )",51000,"A"
"Oct 2024-Sep 2025","2025-09","Dover","E07000108","402722049","T01:37 (Aged 16-64 - Unemployed : All People )",,"F"
"Oct 2024-Sep 2025","2025-09","Gravesham","E07000109","402720769","T01:22 (Aged 16-64 - All : All People )",71800,"A"
"Oct 2024-Sep 2025","2025-09","Gravesham","E07000109","402721025","T01:25 (Aged 16-64 - Economically active : All People )",49600,"A"
"Oct 2024-Sep 2025","2025-09","Gravesham","E07000109","402721281","T01:28 (Aged 16-64 - In employment : All People )",47100,"A"
"Oct 2024-Sep 2025","2025-09","Gravesham","E07000109","402722049","T01:37 (Aged 16-64 - Unemployed : All People )",,"F"
"Oct 2024-Sep 2025","2025-09","Maidstone","E07000110","402720769","T01:22 (Aged 16-64 - All : All People )",104200,"A"
"Oct 2024-Sep 2025","2025-09","Maidstone","E07000110","402721025","T01:25 (Aged 16-64 - Economically active : All People )",89600,"A"
"Oct 2024-Sep 2025","2025-09","Maidstone","E07000110","402721281","T01:28 (Aged 16-64 - In employment : All People )",87500,"A"
"Oct 2024-Sep 2025","2025-09","Maidstone","E07000110","402722049","T01:37 (Aged 16-64 - Unemployed : All People )",,"B"
"Oct 2024-Sep 2025","2025-09","Sevenoaks","E07000111","402720769","T01:22 (Aged 16-64 - All : All People )",72800,"A"
"Oct 2024-Sep 2025","2025-09","Sevenoaks","E07000111","402721025","T01:25 (Aged 16-64 - Economically active : All People )",59400,"A"
"Oct 2024-Sep 2025","2025-09","Sevenoaks","E07000111","402721281","T01:28 (Aged 16-64 - In employment : All People )",58100,"A"
"Oct 2024-Sep 2025","2025-09","Sevenoaks","E07000111","402722049","T01:37 (Aged 16-64 - Unemployed : All People )",,"F"
"Oct 2024-Sep 2025","2025-09","Folkestone and Hythe","E07000112","402720769","T01:22 (Aged 16-64 - All : All People )",63600,"A"
"Oct 2024-Sep 2025","2025-09","Folkestone and Hythe","E07000112","402721025","T01:25 (Aged 16-64 - Economically active : All People )",47800,"A"
"Oct 2024-Sep 2025","2025-09","Folkestone and Hythe","E07000112","402721281","T01:28 (Aged 16-64 - In employment : All People )",44200,"A"
"Oct 2024-Sep 2025","2025-09","Folkestone and Hythe","E07000112","402722049","T01:37 (Aged 16-64 - Unemployed : All People )",,"B"
"Oct 2024-Sep 2025","2025-09","Swale","E07000113","402720769","T01:22 (Aged 16-64 - All : All People )",91500,"A"
"Oct 2024-Sep 2025","2025-09","Swale","E07000113","402721025","T01:25 (Aged 16-64 - Economically active : All People )",75300,"A"
"Oct 2024-Sep 2025","2025-09","Swale","E07000113","402721281","T01:28 (Aged 16-64 - In employment : All People )",68100,"A"
"Oct 2024-Sep 2025","2025-09","Swale","E07000113","402722049","T01:37 (Aged 16-64 - Unemployed : All People )",,"B"
"Oct 2024-Sep 2025","2025-09","Thanet","E07000114","402720769","T01:22 (Aged 16-64 - All : All People )",82400,"A"
"Oct 2024-Sep 2025","2025-09","Thanet","E07000114","402721025","T01:25 (Aged 16-64 - Economically active : All People )",60600,"A"
"Oct 2024-Sep 2025","2025-09","Thanet","E07000114","402721281","T01:28 (Aged 16-64 - In employment : All People )",58700,"A"
"Oct 2024-Sep 2025","2025-09","Thanet","E07000114","402722049","T01:37 (Aged 16-64 - Unemployed : All People )",,"B"
"Oct 2024-Sep 2025","2025-09","Tonbridge and Malling","E07000115","402720769","T01:22 (Aged 16-64 - All : All People )",80900,"A"
"Oct 2024-Sep 2025","2025-09","Tonbridge and Malling","E07000115","402721025","T01:25 (Aged 16-64 - Economically active : All People )",67300,"A"
"Oct 2024-Sep 2025","2025-09","Tonbridge and Malling","E07000115","402721281","T01:28 (Aged 16-64 - In employment : All People )",65000,"A"
"Oct 2024-Sep 2025","2025-09","Tonbridge and Malling","E07000115","402722049","T01:37 (Aged 16-64 - Unemployed : All People )",,"B"
"Oct 2024-Sep 2025","2025-09","Tunbridge Wells","E07000116","402720769","T01:22 (Aged 16-64 - All : All People )",71000,"A"
"Oct 2024-Sep 2025","2025-09","Tunbridge Wells","E07000116","402721025","T01:25 (Aged 16-64 - Economically active : All People )",55500,"A"
"Oct 2024-Sep 2025","2025-09","Tunbridge Wells","E07000116","402721281","T01:28 (Aged 16-64 - In employment : All People )",53400,"A"
"Oct 2024-Sep 2025","2025-09","Tunbridge Wells","E07000116","402722049","T01:37 (Aged 16-64 - Unemployed : All People )",,"B"
"Oct 2024-Sep 2025","2025-09","Cherwell","E07000177","402720769","T01:22 (Aged 16-64 - All : All People )",91700,"A"
"Oct 2024-Sep 2025","2025-09","Cherwell","E07000177","402721025","T01:25 (Aged 16-64 - Economically active : All People )",80000,"A"
"Oct 2024-Sep 2025","2025-09","Cherwell","E07000177","402721281","T01:28 (Aged 16-64 - In employment : All People )",77000,"A"
"Oct 2024-Sep 2025","2025-09","Cherwell","E07000177","402722049","T01:37 (Aged 16-64 - Unemployed : All People )",,"B"
"Oct 2024-Sep 2025","2025-09","Oxford","E07000178","402720769","T01:22 (Aged 16-64 - All : All People )",107800,"A"
"Oct 2024-Sep 2025","2025-09","Oxford","E07000178","402721025","T01:25 (Aged 16-64 - Economically active : All People )",85100,"A"
"Oct 2024-Sep 2025","2025-09","Oxford","E07000178","402721281","T01:28 (Aged 16-64 - In employment : All People )",82800,"A"
"Oct 2024-Sep 2025","2025-09","Oxford","E07000178","402722049","T01:37 (Aged 16-64 - Unemployed : All People )",,"B"
"Oct 2024-Sep 2025","2025-09","South Oxfordshire","E07000179","402720769","T01:22 (Aged 16-64 - All : All People )",84700,"A"
"Oct 2024-Sep 2025","2025-09","South Oxfordshire","E07000179","402721025","T01:25 (Aged 16-64 - Economically active : All People )",72600,"A"
"Oct 2024-Sep 2025","2025-09","South Oxfordshire","E07000179","402721281","T01:28 (Aged 16-64 - In employment : All People )",71400,"A"
"Oct 2024-Sep 2025","2025-09","South Oxfordshire","E07000179","402722049","T01:37 (Aged 16-64 - Unemployed : All People )",,"F"
"Oct 2024-Sep 2025","2025-09","Vale of White Horse","E07000180","402720769","T01:22 (Aged 16-64 - All : All People )",79500,"A"
"Oct 2024-Sep 2025","2025-09","Vale of White Horse","E07000180","402721025","T01:25 (Aged 16-64 - Economically active : All People )",64000,"A"
"Oct 2024-Sep 2025","2025-09","Vale of White Horse","E07000180","402721281","T01:28 (Aged 16-64 - In employment : All People )",62000,"A"
"Oct 2024-Sep 2025","2025-09","Vale of White Horse","E07000180","402722049","T01:37 (Aged 16-64 - Unemployed : All People )",,"B"
"Oct 2024-Sep 2025","2025-09","West Oxfordshire","E07000181","402720769","T01:22 (Aged 16-64 - All : All People )",63900,"A"
"Oct 2024-Sep 2025","2025-09","West Oxfordshire","E07000181","402721025","T01:25 (Aged 16-64 - Economically active : All People )",56800,"A"
"Oct 2024-Sep 2025","2025-09","West Oxfordshire","E07000181","402721281","T01:28 (Aged 16-64 - In employment : All People )",56100,"A"
"Oct 2024-Sep 2025","2025-09","West Oxfordshire","E07000181","402722049","T01:37 (Aged 16-64 - Unemployed : All People )",,"F"
"Oct 2024-Sep 2025","2025-09","Elmbridge","E07000207","402720769","T01:22 (Aged 16-64 - All : All People )",80900,"A"
"Oct 2024-Sep 2025","2025-09","Elmbridge","E07000207","402721025","T01:25 (Aged 16-64 - Economically active : All People )",65800,"A"
"Oct 2024-Sep 2025","2025-09","Elmbridge","E07000207","402721281","T01:28 (Aged 16-64 - In employment : All People )",64200,"A"
"Oct 2024-Sep 2025","2025-09","Elmbridge","E07000207","402722049","T01:37 (Aged 16-64 - Unemployed : All People )",,"B"
"Oct 2024-Sep 2025","2025-09","Epsom and Ewell","E07000208","402720769","T01:22 (Aged 16-64 - All : All People )",50400,"A"
"Oct 2024-Sep 2025","2025-09","Epsom and Ewell","E07000208","402721025","T01:25 (Aged 16-64 - Economically active : All People )",42300,"A"
"Oct 2024-Sep 2025","2025-09","Epsom and Ewell","E07000208","402721281","T01:28 (Aged 16-64 - In employment : All People )",41600,"A"
"Oct 2024-Sep 2025","2025-09","Epsom and Ewell","E07000208","402722049","T01:37 (Aged 16-64 - Unemployed : All People )",,"F"
"Oct 2024-Sep 2025","2025-09","Guildford","E07000209","402720769","T01:22 (Aged 16-64 - All : All People )",99300,"A"
"Oct 2024-Sep 2025","2025-09","Guildford","E07000209","402721025","T01:25 (Aged 16-64 - Economically active : All People )",87900,"A"
"Oct 2024-Sep 2025","2025-09","Guildford","E07000209","402721281","T01:28 (Aged 16-64 - In employment : All People )",84200,"A"
"Oct 2024-Sep 2025","2025-09","Guildford","E07000209","402722049","T01:37 (Aged 16-64 - Unemployed : All People )",,"B"
"Oct 2024-Sep 2025","2025-09","Mole Valley","E07000210","402720769","T01:22 (Aged 16-64 - All : All People )",50900,"A"
"Oct 2024-Sep 2025","2025-09","Mole Valley","E07000210","402721025","T01:25 (Aged 16-64 - Economically active : All People )",42600,"A"
"Oct 2024-Sep 2025","2025-09","Mole Valley","E07000210","402721281","T01:28 (Aged 16-64 - In employment : All People )",40800,"A"
"Oct 2024-Sep 2025","2025-09","Mole Valley","E07000210","402722049","T01:37 (Aged 16-64 - Unemployed : All People )",,"F"
"Oct 2024-Sep 2025","2025-09","Reigate and Banstead","E07000211","402720769","T01:22 (Aged 16-64 - All : All People )",89900,"A"
"Oct 2024-Sep 2025","2025-09","Reigate and Banstead","E07000211","402721025","T01:25 (Aged 16-64 - Economically active : All People )",71300,"A"
"Oct 2024-Sep 2025","2025-09","Reigate and Banstead","E07000211","402721281","T01:28 (Aged 16-64 - In employment : All People )",68600,"A"
"Oct 2024-Sep 2025","2025-09","Reigate and Banstead","E07000211","402722049","T01:37 (Aged 16-64 - Unemployed : All People )",,"B"
"Oct 2024-Sep 2025","2025-09","Runnymede","E07000212","402720769","T01:22 (Aged 16-64 - All : All People )",59700,"A"
"Oct 2024-Sep 2025","2025-09","Runnymede","E07000212","402721025","T01:25 (Aged 16-64 - Economically active : All People )",48700,"A"
"Oct 2024-Sep 2025","2025-09","Runnymede","E07000212","402721281","T01:28 (Aged 16-64 - In employment : All People )",48100,"A"
"Oct 2024-Sep 2025","2025-09","Runnymede","E07000212","402722049","T01:37 (Aged 16-64 - Unemployed : All People )",,"F"
"Oct 2024-Sep 2025","2025-09","Spelthorne","E07000213","402720769","T01:22 (Aged 16-64 - All : All People )",64600,"A"
"Oct 2024-Sep 2025","2025-09","Spelthorne","E07000213","402721025","T01:25 (Aged 16-64 - Economically active : All People )",52700,"A"
"Oct 2024-Sep 2025","2025-09","Spelthorne","E07000213","402721281","T01:28 (Aged 16-64 - In employment : All People )",52700,"A"
"Oct 2024-Sep 2025","2025-09","Spelthorne","E07000213","402722049","T01:37 (Aged 16-64 - Unemployed : All People )",,"F"
"Oct 2024-Sep 2025","2025-09","Surrey Heath","E07000214","402720769","T01:22 (Aged 16-64 - All : All People )",52800,"A"
"Oct 2024-Sep 2025","2025-09","Surrey Heath","E07000214","402721025","T01:25 (Aged 16-64 - Economically active : All People )",46700,"A"
"Oct 2024-Sep 2025","2025-09","Surrey Heath","E07000214","402721281","T01:28 (Aged 16-64 - In employment : All People )",45400,"A"
"Oct 2024-Sep 2025","2025-09","Surrey Heath","E07000214","402722049","T01:37 (Aged 16-64 - Unemployed : All People )",,"B"
"Oct 2024-Sep 2025","2025-09","Tandridge","E07000215","402720769","T01:22 (Aged 16-64 - All : All People )",53900,"A"
"Oct 2024-Sep 2025","2025-09","Tandridge","E07000215","402721025","T01:25 (Aged 16-64 - Economically active : All People )",41000,"A"
"Oct 2024-Sep 2025","2025-09","Tandridge","E07000215","402721281","T01:28 (Aged 16-64 - In employment : All People )",40400,"A"
"Oct 2024-Sep 2025","2025-09","Tandridge","E07000215","402722049","T01:37 (Aged 16-64 - Unemployed : All People )",,"F"
"Oct 2024-Sep 2025","2025-09","Waverley","E07000216","402720769","T01:22 (Aged 16-64 - All : All People )",70800,"A"
"Oct 2024-Sep 2025","2025-09","Waverley","E07000216","402721025","T01:25 (Aged 16-64 - Economically active : All People )",58700,"A"
"Oct 2024-Sep 2025","2025-09","Waverley","E07000216","402721281","T01:28 (Aged 16-64 - In employment : All People )",57000,"A"
"Oct 2024-Sep 2025","2025-09","Waverley","E07000216","402722049","T01:37 (Aged 16-64 - Unemployed : All People )",,"B"
"Oct 2024-Sep 2025","2025-09","Woking","E07000217","402720769","T01:22 (Aged 16-64 - All : All People )",63600,"A"
"Oct 2024-Sep 2025","2025-09","Woking","E07000217","402721025","T01:25 (Aged 16-64 - Economically active : All People )",55000,"A"
"Oct 2024-Sep 2025","2025-09","Woking","E07000217","402721281","T01:28 (Aged 16-64 - In employment : All People )",52400,"A"
"Oct 2024-Sep 2025","2025-09","Woking","E07000217","402722049","T01:37 (Aged 16-64 - Unemployed : All People )",,"B"
"Oct 2024-Sep 2025","2025-09","Adur","E07000223","402720769","T01:22 (Aged 16-64 - All : All People )",36400,"A"
"Oct 2024-Sep 2025","2025-09","Adur","E07000223","402721025","T01:25 (Aged 16-64 - Economically active : All People )",29700,"A"
"Oct 2024-Sep 2025","2025-09","Adur","E07000223","402721281","T01:28 (Aged 16-64 - In employment : All People )",28500,"A"
"Oct 2024-Sep 2025","2025-09","Adur","E07000223","402722049","T01:37 (Aged 16-64 - Unemployed : All People )",,"F"
"Oct 2024-Sep 2025","2025-09","Arun","E07000224","402720769","T01:22 (Aged 16-64 - All : All People )",92600,"A"
"Oct 2024-Sep 2025","2025-09","Arun","E07000224","402721025","T01:25 (Aged 16-64 - Economically active : All People )",73100,"A"
"Oct 2024-Sep 2025","2025-09","Arun","E07000224","402721281","T01:28 (Aged 16-64 - In employment : All People )",71500,"A"
"Oct 2024-Sep 2025","2025-09","Arun","E07000224","402722049","T01:37 (Aged 16-64 - Unemployed : All People )",,"B"
"Oct 2024-Sep 2025","2025-09","Chichester","E07000225","402720769","T01:22 (Aged 16-64 - All : All People )",68500,"A"
"Oct 2024-Sep 2025","2025-09","Chichester","E07000225","402721025","T01:25 (Aged 16-64 - Economically active : All People )",57900,"A"
"Oct 2024-Sep 2025","2025-09","Chichester","E07000225","402721281","T01:28 (Aged 16-64 - In employment : All People )",57900,"A"
"Oct 2024-Sep 2025","2025-09","Chichester","E07000225","402722049","T01:37 (Aged 16-64 - Unemployed : All People )",,"F"
"Oct 2024-Sep 2025","2025-09","Crawley","E07000226","402720769","T01:22 (Aged 16-64 - All : All People )",73300,"A"
"Oct 2024-Sep 2025","2025-09","Crawley","E07000226","402721025","T01:25 (Aged 16-64 - Economically active : All People )",58300,"A"
"Oct 2024-Sep 2025","2025-09","Crawley","E07000226","402721281","T01:28 (Aged 16-64 - In employment : All People )",57600,"A"
"Oct 2024-Sep 2025","2025-09","Crawley","E07000226","402722049","T01:37 (Aged 16-64 - Unemployed : All People )",,"F"
"Oct 2024-Sep 2025","2025-09","Horsham","E07000227","402720769","T01:22 (Aged 16-64 - All : All People )",83900,"A"
"Oct 2024-Sep 2025","2025-09","Horsham","E07000227","402721025","T01:25 (Aged 16-64 - Economically active : All People )",72600,"A"
"Oct 2024-Sep 2025","2025-09","Horsham","E07000227","402721281","T01:28 (Aged 16-64 - In employment : All People )",69400,"A"
"Oct 2024-Sep 2025","2025-09","Horsham","E07000227","402722049","T01:37 (Aged 16-64 - Unemployed : All People )",,"B"
"Oct 2024-Sep 2025","2025-09","Mid Sussex","E07000228","402720769","T01:22 (Aged 16-64 - All : All People )",89300,"A"
"Oct 2024-Sep 2025","2025-09","Mid Sussex","E07000228","402721025","T01:25 (Aged 16-64 - Economically active : All People )",73800,"A"
"Oct 2024-Sep 2025","2025-09","Mid Sussex","E07000228","402721281","T01:28 (Aged 16-64 - In employment : All People )",73300,"A"
"Oct 2024-Sep 2025","2025-09","Mid Sussex","E07000228","402722049","T01:37 (Aged 16-64 - Unemployed : All People )",,"F"
"Oct 2024-Sep 2025","2025-09","Worthing","E07000229","402720769","T01:22 (Aged 16-64 - All : All People )",69400,"A"
"Oct 2024-Sep 2025","2025-09","Worthing","E07000229","402721025","T01:25 (Aged 16-64 - Economically active : All People )",59800,"A"
"Oct 2024-Sep 2025","2025-09","Worthing","E07000229","402721281","T01:28 (Aged 16-64 - In employment : All People )",59400,"A"
"Oct 2024-Sep 2025","2025-09","Worthing","E07000229","402722049","T01:37 (Aged 16-64 - Unemployed : All People )",,"F"
"Oct 2024-Sep 2025","2025-09","Bath and North East Somerset","E06000022","402720769","T01:22 (Aged 16-64 - All : All People )",122700,"A"
"Oct 2024-Sep 2025","2025-09","Bath and North East Somerset","E06000022","402721025","T01:25 (Aged 16-64 - Economically active : All People )",96500,"A"
"Oct 2024-Sep 2025","2025-09","Bath and North East Somerset","E06000022","402721281","T01:28 (Aged 16-64 - In employment : All People )",92400,"A"
"Oct 2024-Sep 2025","2025-09","Bath and North East Somerset","E06000022","402722049","T01:37 (Aged 16-64 - Unemployed : All People )",4100,"A"
"Oct 2024-Sep 2025","2025-09","Bournemouth, Christchurch and Poole","E06000058","402720769","T01:22 (Aged 16-64 - All : All People )",246700,"A"
"Oct 2024-Sep 2025","2025-09","Bournemouth, Christchurch and Poole","E06000058","402721025","T01:25 (Aged 16-64 - Economically active : All People )",200500,"A"
"Oct 2024-Sep 2025","2025-09","Bournemouth, Christchurch and Poole","E06000058","402721281","T01:28 (Aged 16-64 - In employment : All People )",190600,"A"
"Oct 2024-Sep 2025","2025-09","Bournemouth, Christchurch and Poole","E06000058","402722049","T01:37 (Aged 16-64 - Unemployed : All People )",9900,"A"
"Oct 2024-Sep 2025","2025-09","Bristol, City of","E06000023","402720769","T01:22 (Aged 16-64 - All : All People )",320500,"A"
"Oct 2024-Sep 2025","2025-09","Bristol, City of","E06000023","402721025","T01:25 (Aged 16-64 - Economically active : All People )",265400,"A"
"Oct 2024-Sep 2025","2025-09","Bristol, City of","E06000023","402721281","T01:28 (Aged 16-64 - In employment : All People )",254900,"A"
"Oct 2024-Sep 2025","2025-09","Bristol, City of","E06000023","402722049","T01:37 (Aged 16-64 - Unemployed : All People )",10500,"A"
"Oct 2024-Sep 2025","2025-09","Cornwall","E06000052","402720769","T01:22 (Aged 16-64 - All : All People )",329600,"A"
"Oct 2024-Sep 2025","2025-09","Cornwall","E06000052","402721025","T01:25 (Aged 16-64 - Economically active : All People )",266200,"A"
"Oct 2024-Sep 2025","2025-09","Cornwall","E06000052","402721281","T01:28 (Aged 16-64 - In employment : All People )",256000,"A"
"Oct 2024-Sep 2025","2025-09","Cornwall","E06000052","402722049","T01:37 (Aged 16-64 - Unemployed : All People )",10200,"A"
"Oct 2024-Sep 2025","2025-09","Isles of Scilly","E06000053","402720769","T01:22 (Aged 16-64 - All : All People )",,"Q"
"Oct 2024-Sep 2025","2025-09","Isles of Scilly","E06000053","402721025","T01:25 (Aged 16-64 - Economically active : All People )",,"Q"
"Oct 2024-Sep 2025","2025-09","Isles of Scilly","E06000053","402721281","T01:28 (Aged 16-64 - In employment : All People )",,"Q"
"Oct 2024-Sep 2025","2025-09","Isles of Scilly","E06000053","402722049","T01:37 (Aged 16-64 - Unemployed : All People )",,"Q"
"Oct 2024-Sep 2025","2025-09","North Somerset","E06000024","402720769","T01:22 (Aged 16-64 - All : All People )",125600,"A"
"Oct 2024-Sep 2025","2025-09","North Somerset","E06000024","402721025","T01:25 (Aged 16-64 - Economically active : All People )",105500,"A"
"Oct 2024-Sep 2025","2025-09","North Somerset","E06000024","402721281","T01:28 (Aged 16-64 - In employment : All People )",103100,"A"
"Oct 2024-Sep 2025","2025-09","North Somerset","E06000024","402722049","T01:37 (Aged 16-64 - Unemployed : All People )",2500,"A"
"Oct 2024-Sep 2025","2025-09","Plymouth","E06000026","402720769","T01:22 (Aged 16-64 - All : All People )",168300,"A"
"Oct 2024-Sep 2025","2025-09","Plymouth","E06000026","402721025","T01:25 (Aged 16-64 - Economically active : All People )",127200,"A"
"Oct 2024-Sep 2025","2025-09","Plymouth","E06000026","402721281","T01:28 (Aged 16-64 - In employment : All People )",124100,"A"
"Oct 2024-Sep 2025","2025-09","Plymouth","E06000026","402722049","T01:37 (Aged 16-64 - Unemployed : All People )",3200,"A"
"Oct 2024-Sep 2025","2025-09","South Gloucestershire","E06000025","402720769","T01:22 (Aged 16-64 - All : All People )",180400,"A"
"Oct 2024-Sep 2025","2025-09","South Gloucestershire","E06000025","402721025","T01:25 (Aged 16-64 - Economically active : All People )",153600,"A"
"Oct 2024-Sep 2025","2025-09","South Gloucestershire","E06000025","402721281","T01:28 (Aged 16-64 - In employment : All People )",149600,"A"
"Oct 2024-Sep 2025","2025-09","South Gloucestershire","E06000025","402722049","T01:37 (Aged 16-64 - Unemployed : All People )",4100,"A"
"Oct 2024-Sep 2025","2025-09","Swindon","E06000030","402720769","T01:22 (Aged 16-64 - All : All People )",140900,"A"
"Oct 2024-Sep 2025","2025-09","Swindon","E06000030","402721025","T01:25 (Aged 16-64 - Economically active : All People )",113900,"A"
"Oct 2024-Sep 2025","2025-09","Swindon","E06000030","402721281","T01:28 (Aged 16-64 - In employment : All People )",108300,"A"
"Oct 2024-Sep 2025","2025-09","Swindon","E06000030","402722049","T01:37 (Aged 16-64 - Unemployed : All People )",5500,"A"
"Oct 2024-Sep 2025","2025-09","Torbay","E06000027","402720769","T01:22 (Aged 16-64 - All : All People )",75600,"A"
"Oct 2024-Sep 2025","2025-09","Torbay","E06000027","402721025","T01:25 (Aged 16-64 - Economically active : All People )",59100,"A"
"Oct 2024-Sep 2025","2025-09","Torbay","E06000027","402721281","T01:28 (Aged 16-64 - In employment : All People )",57800,"A"
"Oct 2024-Sep 2025","2025-09","Torbay","E06000027","402722049","T01:37 (Aged 16-64 - Unemployed : All People )",1300,"A"
"Oct 2024-Sep 2025","2025-09","Wiltshire","E06000054","402720769","T01:22 (Aged 16-64 - All : All People )",298200,"A"
"Oct 2024-Sep 2025","2025-09","Wiltshire","E06000054","402721025","T01:25 (Aged 16-64 - Economically active : All People )",254400,"A"
"Oct 2024-Sep 2025","2025-09","Wiltshire","E06000054","402721281","T01:28 (Aged 16-64 - In employment : All People )",247900,"A"
"Oct 2024-Sep 2025","2025-09","Wiltshire","E06000054","402722049","T01:37 (Aged 16-64 - Unemployed : All People )",6500,"A"
"Oct 2024-Sep 2025","2025-09","East Devon","E07000040","402720769","T01:22 (Aged 16-64 - All : All People )",80600,"A"
"Oct 2024-Sep 2025","2025-09","East Devon","E07000040","402721025","T01:25 (Aged 16-64 - Economically active : All People )",68100,"A"
"Oct 2024-Sep 2025","2025-09","East Devon","E07000040","402721281","T01:28 (Aged 16-64 - In employment : All People )",67600,"A"
"Oct 2024-Sep 2025","2025-09","East Devon","E07000040","402722049","T01:37 (Aged 16-64 - Unemployed : All People )",,"F"
"Oct 2024-Sep 2025","2025-09","Exeter","E07000041","402720769","T01:22 (Aged 16-64 - All : All People )",88100,"A"
"Oct 2024-Sep 2025","2025-09","Exeter","E07000041","402721025","T01:25 (Aged 16-64 - Economically active : All People )",70600,"A"
"Oct 2024-Sep 2025","2025-09","Exeter","E07000041","402721281","T01:28 (Aged 16-64 - In employment : All People )",63900,"A"
"Oct 2024-Sep 2025","2025-09","Exeter","E07000041","402722049","T01:37 (Aged 16-64 - Unemployed : All People )",,"B"
"Oct 2024-Sep 2025","2025-09","Mid Devon","E07000042","402720769","T01:22 (Aged 16-64 - All : All People )",47200,"A"
"Oct 2024-Sep 2025","2025-09","Mid Devon","E07000042","402721025","T01:25 (Aged 16-64 - Economically active : All People )",39700,"A"
"Oct 2024-Sep 2025","2025-09","Mid Devon","E07000042","402721281","T01:28 (Aged 16-64 - In employment : All People )",37800,"A"
"Oct 2024-Sep 2025","2025-09","Mid Devon","E07000042","402722049","T01:37 (Aged 16-64 - Unemployed : All People )",,"B"
"Oct 2024-Sep 2025","2025-09","North Devon","E07000043","402720769","T01:22 (Aged 16-64 - All : All People )",52300,"A"
"Oct 2024-Sep 2025","2025-09","North Devon","E07000043","402721025","T01:25 (Aged 16-64 - Economically active : All People )",41200,"A"
"Oct 2024-Sep 2025","2025-09","North Devon","E07000043","402721281","T01:28 (Aged 16-64 - In employment : All People )",40200,"A"
"Oct 2024-Sep 2025","2025-09","North Devon","E07000043","402722049","T01:37 (Aged 16-64 - Unemployed : All People )",,"F"
"Oct 2024-Sep 2025","2025-09","South Hams","E07000044","402720769","T01:22 (Aged 16-64 - All : All People )",48600,"A"
"Oct 2024-Sep 2025","2025-09","South Hams","E07000044","402721025","T01:25 (Aged 16-64 - Economically active : All People )",37100,"A"
"Oct 2024-Sep 2025","2025-09","South Hams","E07000044","402721281","T01:28 (Aged 16-64 - In employment : All People )",36200,"A"
"Oct 2024-Sep 2025","2025-09","South Hams","E07000044","402722049","T01:37 (Aged 16-64 - Unemployed : All People )",,"F"
"Oct 2024-Sep 2025","2025-09","Teignbridge","E07000045","402720769","T01:22 (Aged 16-64 - All : All People )",73900,"A"
"Oct 2024-Sep 2025","2025-09","Teignbridge","E07000045","402721025","T01:25 (Aged 16-64 - Economically active : All People )",61600,"A"
"Oct 2024-Sep 2025","2025-09","Teignbridge","E07000045","402721281","T01:28 (Aged 16-64 - In employment : All People )",59800,"A"
"Oct 2024-Sep 2025","2025-09","Teignbridge","E07000045","402722049","T01:37 (Aged 16-64 - Unemployed : All People )",,"B"
"Oct 2024-Sep 2025","2025-09","Torridge","E07000046","402720769","T01:22 (Aged 16-64 - All : All People )",41100,"A"
"Oct 2024-Sep 2025","2025-09","Torridge","E07000046","402721025","T01:25 (Aged 16-64 - Economically active : All People )",32700,"A"
"Oct 2024-Sep 2025","2025-09","Torridge","E07000046","402721281","T01:28 (Aged 16-64 - In employment : All People )",32700,"A"
"Oct 2024-Sep 2025","2025-09","Torridge","E07000046","402722049","T01:37 (Aged 16-64 - Unemployed : All People )",,"F"
"Oct 2024-Sep 2025","2025-09","West Devon","E07000047","402720769","T01:22 (Aged 16-64 - All : All People )",30500,"A"
"Oct 2024-Sep 2025","2025-09","West Devon","E07000047","402721025","T01:25 (Aged 16-64 - Economically active : All People )",24200,"A"
"Oct 2024-Sep 2025","2025-09","West Devon","E07000047","402721281","T01:28 (Aged 16-64 - In employment : All People )",22200,"A"
"Oct 2024-Sep 2025","2025-09","West Devon","E07000047","402722049","T01:37 (Aged 16-64 - Unemployed : All People )",,"B"
"Oct 2024-Sep 2025","2025-09","Dorset","E06000059","402720769","T01:22 (Aged 16-64 - All : All People )",204500,"A"
"Oct 2024-Sep 2025","2025-09","Dorset","E06000059","402721025","T01:25 (Aged 16-64 - Economically active : All People )",171000,"A"
"Oct 2024-Sep 2025","2025-09","Dorset","E06000059","402721281","T01:28 (Aged 16-64 - In employment : All People )",166600,"A"
"Oct 2024-Sep 2025","2025-09","Dorset","E06000059","402722049","T01:37 (Aged 16-64 - Unemployed : All People )",4400,"A"
"Oct 2024-Sep 2025","2025-09","Cheltenham","E07000078","402720769","T01:22 (Aged 16-64 - All : All People )",74000,"A"
"Oct 2024-Sep 2025","2025-09","Cheltenham","E07000078","402721025","T01:25 (Aged 16-64 - Economically active : All People )",61500,"A"
"Oct 2024-Sep 2025","2025-09","Cheltenham","E07000078","402721281","T01:28 (Aged 16-64 - In employment : All People )",59400,"A"
"Oct 2024-Sep 2025","2025-09","Cheltenham","E07000078","402722049","T01:37 (Aged 16-64 - Unemployed : All People )",,"B"
"Oct 2024-Sep 2025","2025-09","Cotswold","E07000079","402720769","T01:22 (Aged 16-64 - All : All People )",50300,"A"
"Oct 2024-Sep 2025","2025-09","Cotswold","E07000079","402721025","T01:25 (Aged 16-64 - Economically active : All People )",39600,"A"
"Oct 2024-Sep 2025","2025-09","Cotswold","E07000079","402721281","T01:28 (Aged 16-64 - In employment : All People )",38600,"A"
"Oct 2024-Sep 2025","2025-09","Cotswold","E07000079","402722049","T01:37 (Aged 16-64 - Unemployed : All People )",,"F"
"Oct 2024-Sep 2025","2025-09","Forest of Dean","E07000080","402720769","T01:22 (Aged 16-64 - All : All People )",50800,"A"
"Oct 2024-Sep 2025","2025-09","Forest of Dean","E07000080","402721025","T01:25 (Aged 16-64 - Economically active : All People )",43700,"A"
"Oct 2024-Sep 2025","2025-09","Forest of Dean","E07000080","402721281","T01:28 (Aged 16-64 - In employment : All People )",43700,"A"
"Oct 2024-Sep 2025","2025-09","Forest of Dean","E07000080","402722049","T01:37 (Aged 16-64 - Unemployed : All People )",,"F"
"Oct 2024-Sep 2025","2025-09","Gloucester","E07000081","402720769","T01:22 (Aged 16-64 - All : All People )",84400,"A"
"Oct 2024-Sep 2025","2025-09","Gloucester","E07000081","402721025","T01:25 (Aged 16-64 - Economically active : All People )",74600,"A"
"Oct 2024-Sep 2025","2025-09","Gloucester","E07000081","402721281","T01:28 (Aged 16-64 - In employment : All People )",71300,"A"
"Oct 2024-Sep 2025","2025-09","Gloucester","E07000081","402722049","T01:37 (Aged 16-64 - Unemployed : All People )",,"B"
"Oct 2024-Sep 2025","2025-09","Stroud","E07000082","402720769","T01:22 (Aged 16-64 - All : All People )",70200,"A"
"Oct 2024-Sep 2025","2025-09","Stroud","E07000082","402721025","T01:25 (Aged 16-64 - Economically active : All People )",58400,"A"
"Oct 2024-Sep 2025","2025-09","Stroud","E07000082","402721281","T01:28 (Aged 16-64 - In employment : All People )",57300,"A"
"Oct 2024-Sep 2025","2025-09","Stroud","E07000082","402722049","T01:37 (Aged 16-64 - Unemployed : All People )",,"F"
"Oct 2024-Sep 2025","2025-09","Tewkesbury","E07000083","402720769","T01:22 (Aged 16-64 - All : All People )",54800,"A"
"Oct 2024-Sep 2025","2025-09","Tewkesbury","E07000083","402721025","T01:25 (Aged 16-64 - Economically active : All People )",45900,"A"
"Oct 2024-Sep 2025","2025-09","Tewkesbury","E07000083","402721281","T01:28 (Aged 16-64 - In employment : All People )",45000,"A"
"Oct 2024-Sep 2025","2025-09","Tewkesbury","E07000083","402722049","T01:37 (Aged 16-64 - Unemployed : All People )",,"F"
"Oct 2024-Sep 2025","2025-09","Mendip","E07000187","402720769","T01:22 (Aged 16-64 - All : All People )",65800,"A"
"Oct 2024-Sep 2025","2025-09","Mendip","E07000187","402721025","T01:25 (Aged 16-64 - Economically active : All People )",55500,"A"
"Oct 2024-Sep 2025","2025-09","Mendip","E07000187","402721281","T01:28 (Aged 16-64 - In employment : All People )",54500,"A"
"Oct 2024-Sep 2025","2025-09","Mendip","E07000187","402722049","T01:37 (Aged 16-64 - Unemployed : All People )",,"F"
"Oct 2024-Sep 2025","2025-09","Sedgemoor","E07000188","402720769","T01:22 (Aged 16-64 - All : All People )",76000,"A"
"Oct 2024-Sep 2025","2025-09","Sedgemoor","E07000188","402721025","T01:25 (Aged 16-64 - Economically active : All People )",62200,"A"
"Oct 2024-Sep 2025","2025-09","Sedgemoor","E07000188","402721281","T01:28 (Aged 16-64 - In employment : All People )",59700,"A"
"Oct 2024-Sep 2025","2025-09","Sedgemoor","E07000188","402722049","T01:37 (Aged 16-64 - Unemployed : All People )",,"B"
"Oct 2024-Sep 2025","2025-09","South Somerset","E07000189","402720769","T01:22 (Aged 16-64 - All : All People )",96900,"A"
"Oct 2024-Sep 2025","2025-09","South Somerset","E07000189","402721025","T01:25 (Aged 16-64 - Economically active : All People )",76300,"A"
"Oct 2024-Sep 2025","2025-09","South Somerset","E07000189","402721281","T01:28 (Aged 16-64 - In employment : All People )",72400,"A"
"Oct 2024-Sep 2025","2025-09","South Somerset","E07000189","402722049","T01:37 (Aged 16-64 - Unemployed : All People )",,"B"
"Oct 2024-Sep 2025","2025-09","Somerset West and Taunton","E07000246","402720769","T01:22 (Aged 16-64 - All : All People )",87500,"A"
"Oct 2024-Sep 2025","2025-09","Somerset West and Taunton","E07000246","402721025","T01:25 (Aged 16-64 - Economically active : All People )",72800,"A"
"Oct 2024-Sep 2025","2025-09","Somerset West and Taunton","E07000246","402721281","T01:28 (Aged 16-64 - In employment : All People )",71600,"A"
"Oct 2024-Sep 2025","2025-09","Somerset West and Taunton","E07000246","402722049","T01:37 (Aged 16-64 - Unemployed : All People )",,"B"
"Oct 2024-Sep 2025","2025-09","Isle of Anglesey","W06000001","402720769","T01:22 (Aged 16-64 - All : All People )",39400,"A"
"Oct 2024-Sep 2025","2025-09","Isle of Anglesey","W06000001","402721025","T01:25 (Aged 16-64 - Economically active : All People )",31700,"A"
"Oct 2024-Sep 2025","2025-09","Isle of Anglesey","W06000001","402721281","T01:28 (Aged 16-64 - In employment : All People )",30500,"A"
"Oct 2024-Sep 2025","2025-09","Isle of Anglesey","W06000001","402722049","T01:37 (Aged 16-64 - Unemployed : All People )",1200,"A"
"Oct 2024-Sep 2025","2025-09","Gwynedd","W06000002","402720769","T01:22 (Aged 16-64 - All : All People )",75400,"A"
"Oct 2024-Sep 2025","2025-09","Gwynedd","W06000002","402721025","T01:25 (Aged 16-64 - Economically active : All People )",57900,"A"
"Oct 2024-Sep 2025","2025-09","Gwynedd","W06000002","402721281","T01:28 (Aged 16-64 - In employment : All People )",54300,"A"
"Oct 2024-Sep 2025","2025-09","Gwynedd","W06000002","402722049","T01:37 (Aged 16-64 - Unemployed : All People )",3700,"A"
"Oct 2024-Sep 2025","2025-09","Conwy","W06000003","402720769","T01:22 (Aged 16-64 - All : All People )",66000,"A"
"Oct 2024-Sep 2025","2025-09","Conwy","W06000003","402721025","T01:25 (Aged 16-64 - Economically active : All People )",51200,"A"
"Oct 2024-Sep 2025","2025-09","Conwy","W06000003","402721281","T01:28 (Aged 16-64 - In employment : All People )",49800,"A"
"Oct 2024-Sep 2025","2025-09","Conwy","W06000003","402722049","T01:37 (Aged 16-64 - Unemployed : All People )",,"B"
"Oct 2024-Sep 2025","2025-09","Denbighshire","W06000004","402720769","T01:22 (Aged 16-64 - All : All People )",54600,"A"
"Oct 2024-Sep 2025","2025-09","Denbighshire","W06000004","402721025","T01:25 (Aged 16-64 - Economically active : All People )",42200,"A"
"Oct 2024-Sep 2025","2025-09","Denbighshire","W06000004","402721281","T01:28 (Aged 16-64 - In employment : All People )",40500,"A"
"Oct 2024-Sep 2025","2025-09","Denbighshire","W06000004","402722049","T01:37 (Aged 16-64 - Unemployed : All People )",,"B"
"Oct 2024-Sep 2025","2025-09","Flintshire","W06000005","402720769","T01:22 (Aged 16-64 - All : All People )",95300,"A"
"Oct 2024-Sep 2025","2025-09","Flintshire","W06000005","402721025","T01:25 (Aged 16-64 - Economically active : All People )",75300,"A"
"Oct 2024-Sep 2025","2025-09","Flintshire","W06000005","402721281","T01:28 (Aged 16-64 - In employment : All People )",72500,"A"
"Oct 2024-Sep 2025","2025-09","Flintshire","W06000005","402722049","T01:37 (Aged 16-64 - Unemployed : All People )",2800,"A"
"Oct 2024-Sep 2025","2025-09","Wrexham","W06000006","402720769","T01:22 (Aged 16-64 - All : All People )",86500,"A"
"Oct 2024-Sep 2025","2025-09","Wrexham","W06000006","402721025","T01:25 (Aged 16-64 - Economically active : All People )",66000,"A"
"Oct 2024-Sep 2025","2025-09","Wrexham","W06000006","402721281","T01:28 (Aged 16-64 - In employment : All People )",64200,"A"
"Oct 2024-Sep 2025","2025-09","Wrexham","W06000006","402722049","T01:37 (Aged 16-64 - Unemployed : All People )",,"B"
"Oct 2024-Sep 2025","2025-09","Powys","W06000023","402720769","T01:22 (Aged 16-64 - All : All People )",72900,"A"
"Oct 2024-Sep 2025","2025-09","Powys","W06000023","402721025","T01:25 (Aged 16-64 - Economically active : All People )",55100,"A"
"Oct 2024-Sep 2025","2025-09","Powys","W06000023","402721281","T01:28 (Aged 16-64 - In employment : All People )",53200,"A"
"Oct 2024-Sep 2025","2025-09","Powys","W06000023","402722049","T01:37 (Aged 16-64 - Unemployed : All People )",,"B"
"Oct 2024-Sep 2025","2025-09","Ceredigion","W06000008","402720769","T01:22 (Aged 16-64 - All : All People )",48000,"A"
"Oct 2024-Sep 2025","2025-09","Ceredigion","W06000008","402721025","T01:25 (Aged 16-64 - Economically active : All People )",38700,"A"
"Oct 2024-Sep 2025","2025-09","Ceredigion","W06000008","402721281","T01:28 (Aged 16-64 - In employment : All People )",34900,"A"
"Oct 2024-Sep 2025","2025-09","Ceredigion","W06000008","402722049","T01:37 (Aged 16-64 - Unemployed : All People )",,"B"
"Oct 2024-Sep 2025","2025-09","Pembrokeshire","W06000009","402720769","T01:22 (Aged 16-64 - All : All People )",71900,"A"
"Oct 2024-Sep 2025","2025-09","Pembrokeshire","W06000009","402721025","T01:25 (Aged 16-64 - Economically active : All People )",55600,"A"
"Oct 2024-Sep 2025","2025-09","Pembrokeshire","W06000009","402721281","T01:28 (Aged 16-64 - In employment : All People )",54100,"A"
"Oct 2024-Sep 2025","2025-09","Pembrokeshire","W06000009","402722049","T01:37 (Aged 16-64 - Unemployed : All People )",,"B"
"Oct 2024-Sep 2025","2025-09","Carmarthenshire","W06000010","402720769","T01:22 (Aged 16-64 - All : All People )",108500,"A"
"Oct 2024-Sep 2025","2025-09","Carmarthenshire","W06000010","402721025","T01:25 (Aged 16-64 - Economically active : All People )",81500,"A"
"Oct 2024-Sep 2025","2025-09","Carmarthenshire","W06000010","402721281","T01:28 (Aged 16-64 - In employment : All People )",78000,"A"
"Oct 2024-Sep 2025","2025-09","Carmarthenshire","W06000010","402722049","T01:37 (Aged 16-64 - Unemployed : All People )",3500,"A"
"Oct 2024-Sep 2025","2025-09","Swansea","W06000011","402720769","T01:22 (Aged 16-64 - All : All People )",158100,"A"
"Oct 2024-Sep 2025","2025-09","Swansea","W06000011","402721025","T01:25 (Aged 16-64 - Economically active : All People )",114200,"A"
"Oct 2024-Sep 2025","2025-09","Swansea","W06000011","402721281","T01:28 (Aged 16-64 - In employment : All People )",102900,"A"
"Oct 2024-Sep 2025","2025-09","Swansea","W06000011","402722049","T01:37 (Aged 16-64 - Unemployed : All People )",11300,"A"
"Oct 2024-Sep 2025","2025-09","Neath Port Talbot","W06000012","402720769","T01:22 (Aged 16-64 - All : All People )",87400,"A"
"Oct 2024-Sep 2025","2025-09","Neath Port Talbot","W06000012","402721025","T01:25 (Aged 16-64 - Economically active : All People )",63900,"A"
"Oct 2024-Sep 2025","2025-09","Neath Port Talbot","W06000012","402721281","T01:28 (Aged 16-64 - In employment : All People )",62200,"A"
"Oct 2024-Sep 2025","2025-09","Neath Port Talbot","W06000012","402722049","T01:37 (Aged 16-64 - Unemployed : All People )",,"B"
"Oct 2024-Sep 2025","2025-09","Bridgend","W06000013","402720769","T01:22 (Aged 16-64 - All : All People )",87900,"A"
"Oct 2024-Sep 2025","2025-09","Bridgend","W06000013","402721025","T01:25 (Aged 16-64 - Economically active : All People )",66400,"A"
"Oct 2024-Sep 2025","2025-09","Bridgend","W06000013","402721281","T01:28 (Aged 16-64 - In employment : All People )",63400,"A"
"Oct 2024-Sep 2025","2025-09","Bridgend","W06000013","402722049","T01:37 (Aged 16-64 - Unemployed : All People )",,"B"
"Oct 2024-Sep 2025","2025-09","Vale of Glamorgan","W06000014","402720769","T01:22 (Aged 16-64 - All : All People )",79200,"A"
"Oct 2024-Sep 2025","2025-09","Vale of Glamorgan","W06000014","402721025","T01:25 (Aged 16-64 - Economically active : All People )",59100,"A"
"Oct 2024-Sep 2025","2025-09","Vale of Glamorgan","W06000014","402721281","T01:28 (Aged 16-64 - In employment : All People )",57800,"A"
"Oct 2024-Sep 2025","2025-09","Vale of Glamorgan","W06000014","402722049","T01:37 (Aged 16-64 - Unemployed : All People )",,"B"
"Oct 2024-Sep 2025","2025-09","Cardiff","W06000015","402720769","T01:22 (Aged 16-64 - All : All People )",253400,"A"
"Oct 2024-Sep 2025","2025-09","Cardiff","W06000015","402721025","T01:25 (Aged 16-64 - Economically active : All People )",201300,"A"
"Oct 2024-Sep 2025","2025-09","Cardiff","W06000015","402721281","T01:28 (Aged 16-64 - In employment : All People )",188800,"A"
"Oct 2024-Sep 2025","2025-09","Cardiff","W06000015","402722049","T01:37 (Aged 16-64 - Unemployed : All People )",12400,"A"
"Oct 2024-Sep 2025","2025-09","Rhondda Cynon Taff","W06000016","402720769","T01:22 (Aged 16-64 - All : All People )",151100,"A"
"Oct 2024-Sep 2025","2025-09","Rhondda Cynon Taff","W06000016","402721025","T01:25 (Aged 16-64 - Economically active : All People )",103800,"A"
"Oct 2024-Sep 2025","2025-09","Rhondda Cynon Taff","W06000016","402721281","T01:28 (Aged 16-64 - In employment : All People )",98100,"A"
"Oct 2024-Sep 2025","2025-09","Rhondda Cynon Taff","W06000016","402722049","T01:37 (Aged 16-64 - Unemployed : All People )",5700,"A"
"Oct 2024-Sep 2025","2025-09","Merthyr Tydfil","W06000024","402720769","T01:22 (Aged 16-64 - All : All People )",38300,"A"
"Oct 2024-Sep 2025","2025-09","Merthyr Tydfil","W06000024","402721025","T01:25 (Aged 16-64 - Economically active : All People )",27300,"A"
"Oct 2024-Sep 2025","2025-09","Merthyr Tydfil","W06000024","402721281","T01:28 (Aged 16-64 - In employment : All People )",26400,"A"
"Oct 2024-Sep 2025","2025-09","Merthyr Tydfil","W06000024","402722049","T01:37 (Aged 16-64 - Unemployed : All People )",,"B"
"Oct 2024-Sep 2025","2025-09","Caerphilly","W06000018","402720769","T01:22 (Aged 16-64 - All : All People )",111400,"A"
"Oct 2024-Sep 2025","2025-09","Caerphilly","W06000018","402721025","T01:25 (Aged 16-64 - Economically active : All People )",86300,"A"
"Oct 2024-Sep 2025","2025-09","Caerphilly","W06000018","402721281","T01:28 (Aged 16-64 - In employment : All People )",84200,"A"
"Oct 2024-Sep 2025","2025-09","Caerphilly","W06000018","402722049","T01:37 (Aged 16-64 - Unemployed : All People )",,"B"
"Oct 2024-Sep 2025","2025-09","Blaenau Gwent","W06000019","402720769","T01:22 (Aged 16-64 - All : All People )",43100,"A"
"Oct 2024-Sep 2025","2025-09","Blaenau Gwent","W06000019","402721025","T01:25 (Aged 16-64 - Economically active : All People )",28900,"A"
"Oct 2024-Sep 2025","2025-09","Blaenau Gwent","W06000019","402721281","T01:28 (Aged 16-64 - In employment : All People )",27500,"A"
"Oct 2024-Sep 2025","2025-09","Blaenau Gwent","W06000019","402722049","T01:37 (Aged 16-64 - Unemployed : All People )",,"B"
"Oct 2024-Sep 2025","2025-09","Torfaen","W06000020","402720769","T01:22 (Aged 16-64 - All : All People )",56800,"A"
"Oct 2024-Sep 2025","2025-09","Torfaen","W06000020","402721025","T01:25 (Aged 16-64 - Economically active : All People )",43800,"A"
"Oct 2024-Sep 2025","2025-09","Torfaen","W06000020","402721281","T01:28 (Aged 16-64 - In employment : All People )",42800,"A"
"Oct 2024-Sep 2025","2025-09","Torfaen","W06000020","402722049","T01:37 (Aged 16-64 - Unemployed : All People )",,"B"
"Oct 2024-Sep 2025","2025-09","Monmouthshire","W06000021","402720769","T01:22 (Aged 16-64 - All : All People )",54000,"A"
"Oct 2024-Sep 2025","2025-09","Monmouthshire","W06000021","402721025","T01:25 (Aged 16-64 - Economically active : All People )",42000,"A"
"Oct 2024-Sep 2025","2025-09","Monmouthshire","W06000021","402721281","T01:28 (Aged 16-64 - In employment : All People )",40900,"A"
"Oct 2024-Sep 2025","2025-09","Monmouthshire","W06000021","402722049","T01:37 (Aged 16-64 - Unemployed : All People )",,"B"
"Oct 2024-Sep 2025","2025-09","Newport","W06000022","402720769","T01:22 (Aged 16-64 - All : All People )",94800,"A"
"Oct 2024-Sep 2025","2025-09","Newport","W06000022","402721025","T01:25 (Aged 16-64 - Economically active : All People )",75700,"A"
"Oct 2024-Sep 2025","2025-09","Newport","W06000022","402721281","T01:28 (Aged 16-64 - In employment : All People )",72300,"A"
"Oct 2024-Sep 2025","2025-09","Newport","W06000022","402722049","T01:37 (Aged 16-64 - Unemployed : All People )",3300,"A"
"Oct 2024-Sep 2025","2025-09","Aberdeen City","S12000033","402720769","T01:22 (Aged 16-64 - All : All People )",156500,"A"
"Oct 2024-Sep 2025","2025-09","Aberdeen City","S12000033","402721025","T01:25 (Aged 16-64 - Economically active : All People )",122700,"A"
"Oct 2024-Sep 2025","2025-09","Aberdeen City","S12000033","402721281","T01:28 (Aged 16-64 - In employment : All People )",119600,"A"
"Oct 2024-Sep 2025","2025-09","Aberdeen City","S12000033","402722049","T01:37 (Aged 16-64 - Unemployed : All People )",,"B"
"Oct 2024-Sep 2025","2025-09","Aberdeenshire","S12000034","402720769","T01:22 (Aged 16-64 - All : All People )",171900,"A"
"Oct 2024-Sep 2025","2025-09","Aberdeenshire","S12000034","402721025","T01:25 (Aged 16-64 - Economically active : All People )",132900,"A"
"Oct 2024-Sep 2025","2025-09","Aberdeenshire","S12000034","402721281","T01:28 (Aged 16-64 - In employment : All People )",127900,"A"
"Oct 2024-Sep 2025","2025-09","Aberdeenshire","S12000034","402722049","T01:37 (Aged 16-64 - Unemployed : All People )",,"B"
"Oct 2024-Sep 2025","2025-09","Angus","S12000041","402720769","T01:22 (Aged 16-64 - All : All People )",69900,"A"
"Oct 2024-Sep 2025","2025-09","Angus","S12000041","402721025","T01:25 (Aged 16-64 - Economically active : All People )",51200,"A"
"Oct 2024-Sep 2025","2025-09","Angus","S12000041","402721281","T01:28 (Aged 16-64 - In employment : All People )",48900,"A"
"Oct 2024-Sep 2025","2025-09","Angus","S12000041","402722049","T01:37 (Aged 16-64 - Unemployed : All People )",,"B"
"Oct 2024-Sep 2025","2025-09","Argyll and Bute","S12000035","402720769","T01:22 (Aged 16-64 - All : All People )",49400,"A"
"Oct 2024-Sep 2025","2025-09","Argyll and Bute","S12000035","402721025","T01:25 (Aged 16-64 - Economically active : All People )",37300,"A"
"Oct 2024-Sep 2025","2025-09","Argyll and Bute","S12000035","402721281","T01:28 (Aged 16-64 - In employment : All People )",36200,"A"
"Oct 2024-Sep 2025","2025-09","Argyll and Bute","S12000035","402722049","T01:37 (Aged 16-64 - Unemployed : All People )",,"B"
"Oct 2024-Sep 2025","2025-09","Clackmannanshire","S12000005","402720769","T01:22 (Aged 16-64 - All : All People )",32700,"A"
"Oct 2024-Sep 2025","2025-09","Clackmannanshire","S12000005","402721025","T01:25 (Aged 16-64 - Economically active : All People )",24200,"A"
"Oct 2024-Sep 2025","2025-09","Clackmannanshire","S12000005","402721281","T01:28 (Aged 16-64 - In employment : All People )",23400,"A"
"Oct 2024-Sep 2025","2025-09","Clackmannanshire","S12000005","402722049","T01:37 (Aged 16-64 - Unemployed : All People )",,"B"
"Oct 2024-Sep 2025","2025-09","Dumfries and Galloway","S12000006","402720769","T01:22 (Aged 16-64 - All : All People )",86300,"A"
"Oct 2024-Sep 2025","2025-09","Dumfries and Galloway","S12000006","402721025","T01:25 (Aged 16-64 - Economically active : All People )",69300,"A"
"Oct 2024-Sep 2025","2025-09","Dumfries and Galloway","S12000006","402721281","T01:28 (Aged 16-64 - In employment : All People )",67400,"A"
"Oct 2024-Sep 2025","2025-09","Dumfries and Galloway","S12000006","402722049","T01:37 (Aged 16-64 - Unemployed : All People )",,"B"
"Oct 2024-Sep 2025","2025-09","Dundee City","S12000042","402720769","T01:22 (Aged 16-64 - All : All People )",96100,"A"
"Oct 2024-Sep 2025","2025-09","Dundee City","S12000042","402721025","T01:25 (Aged 16-64 - Economically active : All People )",70500,"A"
"Oct 2024-Sep 2025","2025-09","Dundee City","S12000042","402721281","T01:28 (Aged 16-64 - In employment : All People )",65700,"A"
"Oct 2024-Sep 2025","2025-09","Dundee City","S12000042","402722049","T01:37 (Aged 16-64 - Unemployed : All People )",4800,"A"
"Oct 2024-Sep 2025","2025-09","East Ayrshire","S12000008","402720769","T01:22 (Aged 16-64 - All : All People )",75900,"A"
"Oct 2024-Sep 2025","2025-09","East Ayrshire","S12000008","402721025","T01:25 (Aged 16-64 - Economically active : All People )",56700,"A"
"Oct 2024-Sep 2025","2025-09","East Ayrshire","S12000008","402721281","T01:28 (Aged 16-64 - In employment : All People )",53400,"A"
"Oct 2024-Sep 2025","2025-09","East Ayrshire","S12000008","402722049","T01:37 (Aged 16-64 - Unemployed : All People )",3400,"A"
"Oct 2024-Sep 2025","2025-09","East Dunbartonshire","S12000045","402720769","T01:22 (Aged 16-64 - All : All People )",64200,"A"
"Oct 2024-Sep 2025","2025-09","East Dunbartonshire","S12000045","402721025","T01:25 (Aged 16-64 - Economically active : All People )",52400,"A"
"Oct 2024-Sep 2025","2025-09","East Dunbartonshire","S12000045","402721281","T01:28 (Aged 16-64 - In employment : All People )",50500,"A"
"Oct 2024-Sep 2025","2025-09","East Dunbartonshire","S12000045","402722049","T01:37 (Aged 16-64 - Unemployed : All People )",1800,"A"
"Oct 2024-Sep 2025","2025-09","East Lothian","S12000010","402720769","T01:22 (Aged 16-64 - All : All People )",67600,"A"
"Oct 2024-Sep 2025","2025-09","East Lothian","S12000010","402721025","T01:25 (Aged 16-64 - Economically active : All People )",57700,"A"
"Oct 2024-Sep 2025","2025-09","East Lothian","S12000010","402721281","T01:28 (Aged 16-64 - In employment : All People )",55600,"A"
"Oct 2024-Sep 2025","2025-09","East Lothian","S12000010","402722049","T01:37 (Aged 16-64 - Unemployed : All People )",,"B"
"Oct 2024-Sep 2025","2025-09","East Renfrewshire","S12000011","402720769","T01:22 (Aged 16-64 - All : All People )",58400,"A"
"Oct 2024-Sep 2025","2025-09","East Renfrewshire","S12000011","402721025","T01:25 (Aged 16-64 - Economically active : All People )",45200,"A"
"Oct 2024-Sep 2025","2025-09","East Renfrewshire","S12000011","402721281","T01:28 (Aged 16-64 - In employment : All People )",43900,"A"
"Oct 2024-Sep 2025","2025-09","East Renfrewshire","S12000011","402722049","T01:37 (Aged 16-64 - Unemployed : All People )",,"B"
"Oct 2024-Sep 2025","2025-09","City of Edinburgh","S12000036","402720769","T01:22 (Aged 16-64 - All : All People )",362600,"A"
"Oct 2024-Sep 2025","2025-09","City of Edinburgh","S12000036","402721025","T01:25 (Aged 16-64 - Economically active : All People )",304100,"A"
"Oct 2024-Sep 2025","2025-09","City of Edinburgh","S12000036","402721281","T01:28 (Aged 16-64 - In employment : All People )",301800,"A"
"Oct 2024-Sep 2025","2025-09","City of Edinburgh","S12000036","402722049","T01:37 (Aged 16-64 - Unemployed : All People )",,"B"
"Oct 2024-Sep 2025","2025-09","Na h-Eileanan Siar","S12000013","402720769","T01:22 (Aged 16-64 - All : All People )",12400,"A"
"Oct 2024-Sep 2025","2025-09","Na h-Eileanan Siar","S12000013","402721025","T01:25 (Aged 16-64 - Economically active : All People )",9000,"A"
"Oct 2024-Sep 2025","2025-09","Na h-Eileanan Siar","S12000013","402721281","T01:28 (Aged 16-64 - In employment : All People )",8600,"A"
"Oct 2024-Sep 2025","2025-09","Na h-Eileanan Siar","S12000013","402722049","T01:37 (Aged 16-64 - Unemployed : All People )",,"F"
"Oct 2024-Sep 2025","2025-09","Falkirk","S12000014","402720769","T01:22 (Aged 16-64 - All : All People )",103900,"A"
"Oct 2024-Sep 2025","2025-09","Falkirk","S12000014","402721025","T01:25 (Aged 16-64 - Economically active : All People )",84900,"A"
"Oct 2024-Sep 2025","2025-09","Falkirk","S12000014","402721281","T01:28 (Aged 16-64 - In employment : All People )",81500,"A"
"Oct 2024-Sep 2025","2025-09","Falkirk","S12000014","402722049","T01:37 (Aged 16-64 - Unemployed : All People )",3500,"A"
"Oct 2024-Sep 2025","2025-09","Fife","S12000047","402720769","T01:22 (Aged 16-64 - All : All People )",227000,"A"
"Oct 2024-Sep 2025","2025-09","Fife","S12000047","402721025","T01:25 (Aged 16-64 - Economically active : All People )",174600,"A"
"Oct 2024-Sep 2025","2025-09","Fife","S12000047","402721281","T01:28 (Aged 16-64 - In employment : All People )",167800,"A"
"Oct 2024-Sep 2025","2025-09","Fife","S12000047","402722049","T01:37 (Aged 16-64 - Unemployed : All People )",6700,"A"
"Oct 2024-Sep 2025","2025-09","Glasgow City","S12000049","402720769","T01:22 (Aged 16-64 - All : All People )",434200,"A"
"Oct 2024-Sep 2025","2025-09","Glasgow City","S12000049","402721025","T01:25 (Aged 16-64 - Economically active : All People )",307600,"A"
"Oct 2024-Sep 2025","2025-09","Glasgow City","S12000049","402721281","T01:28 (Aged 16-64 - In employment : All People )",287800,"A"
"Oct 2024-Sep 2025","2025-09","Glasgow City","S12000049","402722049","T01:37 (Aged 16-64 - Unemployed : All People )",19800,"A"
"Oct 2024-Sep 2025","2025-09","Highland","S12000017","402720769","T01:22 (Aged 16-64 - All : All People )",142200,"A"
"Oct 2024-Sep 2025","2025-09","Highland","S12000017","402721025","T01:25 (Aged 16-64 - Economically active : All People )",103700,"A"
"Oct 2024-Sep 2025","2025-09","Highland","S12000017","402721281","T01:28 (Aged 16-64 - In employment : All People )",99000,"A"
"Oct 2024-Sep 2025","2025-09","Highland","S12000017","402722049","T01:37 (Aged 16-64 - Unemployed : All People )",,"B"
"Oct 2024-Sep 2025","2025-09","Inverclyde","S12000018","402720769","T01:22 (Aged 16-64 - All : All People )",48200,"A"
"Oct 2024-Sep 2025","2025-09","Inverclyde","S12000018","402721025","T01:25 (Aged 16-64 - Economically active : All People )",33900,"A"
"Oct 2024-Sep 2025","2025-09","Inverclyde","S12000018","402721281","T01:28 (Aged 16-64 - In employment : All People )",32900,"A"
"Oct 2024-Sep 2025","2025-09","Inverclyde","S12000018","402722049","T01:37 (Aged 16-64 - Unemployed : All People )",,"B"
"Oct 2024-Sep 2025","2025-09","Midlothian","S12000019","402720769","T01:22 (Aged 16-64 - All : All People )",57000,"A"
"Oct 2024-Sep 2025","2025-09","Midlothian","S12000019","402721025","T01:25 (Aged 16-64 - Economically active : All People )",45400,"A"
"Oct 2024-Sep 2025","2025-09","Midlothian","S12000019","402721281","T01:28 (Aged 16-64 - In employment : All People )",44400,"A"
"Oct 2024-Sep 2025","2025-09","Midlothian","S12000019","402722049","T01:37 (Aged 16-64 - Unemployed : All People )",,"B"
"Oct 2024-Sep 2025","2025-09","Moray","S12000020","402720769","T01:22 (Aged 16-64 - All : All People )",61000,"A"
"Oct 2024-Sep 2025","2025-09","Moray","S12000020","402721025","T01:25 (Aged 16-64 - Economically active : All People )",47900,"A"
"Oct 2024-Sep 2025","2025-09","Moray","S12000020","402721281","T01:28 (Aged 16-64 - In employment : All People )",46700,"A"
"Oct 2024-Sep 2025","2025-09","Moray","S12000020","402722049","T01:37 (Aged 16-64 - Unemployed : All People )",,"B"
"Oct 2024-Sep 2025","2025-09","North Ayrshire","S12000021","402720769","T01:22 (Aged 16-64 - All : All People )",80200,"A"
"Oct 2024-Sep 2025","2025-09","North Ayrshire","S12000021","402721025","T01:25 (Aged 16-64 - Economically active : All People )",56800,"A"
"Oct 2024-Sep 2025","2025-09","North Ayrshire","S12000021","402721281","T01:28 (Aged 16-64 - In employment : All People )",54600,"A"
"Oct 2024-Sep 2025","2025-09","North Ayrshire","S12000021","402722049","T01:37 (Aged 16-64 - Unemployed : All People )",2200,"A"
"Oct 2024-Sep 2025","2025-09","North Lanarkshire","S12000050","402720769","T01:22 (Aged 16-64 - All : All People )",220300,"A"
"Oct 2024-Sep 2025","2025-09","North Lanarkshire","S12000050","402721025","T01:25 (Aged 16-64 - Economically active : All People )",169800,"A"
"Oct 2024-Sep 2025","2025-09","North Lanarkshire","S12000050","402721281","T01:28 (Aged 16-64 - In employment : All People )",165100,"A"
"Oct 2024-Sep 2025","2025-09","North Lanarkshire","S12000050","402722049","T01:37 (Aged 16-64 - Unemployed : All People )",4800,"A"
"Oct 2024-Sep 2025","2025-09","Orkney Islands","S12000023","402720769","T01:22 (Aged 16-64 - All : All People )",1300,"A"
"Oct 2024-Sep 2025","2025-09","Orkney Islands","S12000023","402721025","T01:25 (Aged 16-64 - Economically active : All People )",1000,"A"
"Oct 2024-Sep 2025","2025-09","Orkney Islands","S12000023","402721281","T01:28 (Aged 16-64 - In employment : All People )",1000,"A"
"Oct 2024-Sep 2025","2025-09","Orkney Islands","S12000023","402722049","T01:37 (Aged 16-64 - Unemployed : All People )",,"F"
"Oct 2024-Sep 2025","2025-09","Perth and Kinross","S12000048","402720769","T01:22 (Aged 16-64 - All : All People )",103500,"A"
"Oct 2024-Sep 2025","2025-09","Perth and Kinross","S12000048","402721025","T01:25 (Aged 16-64 - Economically active : All People )",82100,"A"
"Oct 2024-Sep 2025","2025-09","Perth and Kinross","S12000048","402721281","T01:28 (Aged 16-64 - In employment : All People )",78600,"A"
"Oct 2024-Sep 2025","2025-09","Perth and Kinross","S12000048","402722049","T01:37 (Aged 16-64 - Unemployed : All People )",3500,"A"
"Oct 2024-Sep 2025","2025-09","Renfrewshire","S12000038","402720769","T01:22 (Aged 16-64 - All : All People )",114100,"A"
"Oct 2024-Sep 2025","2025-09","Renfrewshire","S12000038","402721025","T01:25 (Aged 16-64 - Economically active : All People )",87000,"A"
"Oct 2024-Sep 2025","2025-09","Renfrewshire","S12000038","402721281","T01:28 (Aged 16-64 - In employment : All People )",83800,"A"
"Oct 2024-Sep 2025","2025-09","Renfrewshire","S12000038","402722049","T01:37 (Aged 16-64 - Unemployed : All People )",3200,"A"
"Oct 2024-Sep 2025","2025-09","Scottish Borders","S12000026","402720769","T01:22 (Aged 16-64 - All : All People )",66700,"A"
"Oct 2024-Sep 2025","2025-09","Scottish Borders","S12000026","402721025","T01:25 (Aged 16-64 - Economically active : All People )",52200,"A"
"Oct 2024-Sep 2025","2025-09","Scottish Borders","S12000026","402721281","T01:28 (Aged 16-64 - In employment : All People )",51000,"A"
"Oct 2024-Sep 2025","2025-09","Scottish Borders","S12000026","402722049","T01:37 (Aged 16-64 - Unemployed : All People )",,"B"
"Oct 2024-Sep 2025","2025-09","Shetland Islands","S12000027","402720769","T01:22 (Aged 16-64 - All : All People )",14800,"A"
"Oct 2024-Sep 2025","2025-09","Shetland Islands","S12000027","402721025","T01:25 (Aged 16-64 - Economically active : All People )",13300,"A"
"Oct 2024-Sep 2025","2025-09","Shetland Islands","S12000027","402721281","T01:28 (Aged 16-64 - In employment : All People )",13300,"A"
"Oct 2024-Sep 2025","2025-09","Shetland Islands","S12000027","402722049","T01:37 (Aged 16-64 - Unemployed : All People )",,"F"
"Oct 2024-Sep 2025","2025-09","South Ayrshire","S12000028","402720769","T01:22 (Aged 16-64 - All : All People )",64900,"A"
"Oct 2024-Sep 2025","2025-09","South Ayrshire","S12000028","402721025","T01:25 (Aged 16-64 - Economically active : All People )",49000,"A"
"Oct 2024-Sep 2025","2025-09","South Ayrshire","S12000028","402721281","T01:28 (Aged 16-64 - In employment : All People )",46900,"A"
"Oct 2024-Sep 2025","2025-09","South Ayrshire","S12000028","402722049","T01:37 (Aged 16-64 - Unemployed : All People )",,"B"
"Oct 2024-Sep 2025","2025-09","South Lanarkshire","S12000029","402720769","T01:22 (Aged 16-64 - All : All People )",200200,"A"
"Oct 2024-Sep 2025","2025-09","South Lanarkshire","S12000029","402721025","T01:25 (Aged 16-64 - Economically active : All People )",158500,"A"
"Oct 2024-Sep 2025","2025-09","South Lanarkshire","S12000029","402721281","T01:28 (Aged 16-64 - In employment : All People )",150500,"A"
"Oct 2024-Sep 2025","2025-09","South Lanarkshire","S12000029","402722049","T01:37 (Aged 16-64 - Unemployed : All People )",8100,"A"
"Oct 2024-Sep 2025","2025-09","Stirling","S12000030","402720769","T01:22 (Aged 16-64 - All : All People )",60400,"A"
"Oct 2024-Sep 2025","2025-09","Stirling","S12000030","402721025","T01:25 (Aged 16-64 - Economically active : All People )",46300,"A"
"Oct 2024-Sep 2025","2025-09","Stirling","S12000030","402721281","T01:28 (Aged 16-64 - In employment : All People )",42700,"A"
"Oct 2024-Sep 2025","2025-09","Stirling","S12000030","402722049","T01:37 (Aged 16-64 - Unemployed : All People )",3700,"A"
"Oct 2024-Sep 2025","2025-09","West Dunbartonshire","S12000039","402720769","T01:22 (Aged 16-64 - All : All People )",55900,"A"
"Oct 2024-Sep 2025","2025-09","West Dunbartonshire","S12000039","402721025","T01:25 (Aged 16-64 - Economically active : All People )",42000,"A"
"Oct 2024-Sep 2025","2025-09","West Dunbartonshire","S12000039","402721281","T01:28 (Aged 16-64 - In employment : All People )",39500,"A"
"Oct 2024-Sep 2025","2025-09","West Dunbartonshire","S12000039","402722049","T01:37 (Aged 16-64 - Unemployed : All People )",2500,"A"
"Oct 2024-Sep 2025","2025-09","West Lothian","S12000040","402720769","T01:22 (Aged 16-64 - All : All People )",119500,"A"
"Oct 2024-Sep 2025","2025-09","West Lothian","S12000040","402721025","T01:25 (Aged 16-64 - Economically active : All People )",99700,"A"
"Oct 2024-Sep 2025","2025-09","West Lothian","S12000040","402721281","T01:28 (Aged 16-64 - In employment : All People )",97500,"A"
"Oct 2024-Sep 2025","2025-09","West Lothian","S12000040","402722049","T01:37 (Aged 16-64 - Unemployed : All People )",,"B"
